index,published,topic,term,domain,language,valid,de,title,description,en,la,url,image,archive,content,quote,added,feed,country,ipcc,continent
138c06b9e75ee46bf0d6cffac84045a5,2025-11-27T10:26:14Z,Thunderstorm,χαλάζι Δωδεκάνησα,www.newsit.gr,el,0.8,"Schlechtes Wetter Adel bringt bis Freitag starke Regenfälle und Stürme in 10 Gebieten – „Roter Code“ sowohl für die Nordägäis als auch für den Dodekanes. In den nächsten Stunden werden heftige Regenfälle, Stürme, Hagel und starke Winde erwartet, heißt es in der aktualisierten Wettermeldung zur Verschlechterung des Notfalls, herausgegeben vom Ministerium für... 
Der Artikel Schlechtes Wetter Adel bringt starke Regenfälle und Stürme in 10 Regionen…",Η κακοκαιρία Adel φέρνει ισχυρές βροχές και καταιγίδες σε 10 περιοχές μέχρι την Παρασκευή – «Red Code» και για Βόρειο Αιγαίο και Δωδεκάνησα,"Ισχυρές βροχές, καταιγίδες, χαλάζι και σφοδροί άνεμοι, αναμένονται και τις επόμενες ώρες σύμφωνα με το επικαιροποιήμενο έκτακτο δελτίο επιδείνωσης καιρού που εξέδωσε η ΕΜΥ για ... 
To άρθρο Η κακοκαιρία Adel φέρνει ισχυρές βροχές και καταιγίδες σε 10 περιοχές…","Bad weather Adel brings heavy rains and storms to 10 areas until Friday – ""Red Code"" for both North Aegean and Dodecanese. Heavy rains, storms, hail and strong winds are also expected in the next few hours according to the updated emergency worsening weather report issued by the EMY for ... The article Bad weather Adel brings heavy rains and storms to 10 areas...","Tempestas mala Adel graves pluvias et tempestates ad 10 areas usque ad Veneris diem - ""Red Code"" affert pro Aegaeo Septentrionali et Dodecanesi. Imbres, procellae, grandines et venti validi in proximis horis exspectantur secundum condicionem renovatam ingravescentem tempestatem bulletin editam a Ministerio... 
Articulus Mala tempestas Adel affert pluvias et tempestates ad 10 regiones…",https://www.newsit.gr/ellada/i-kakokairia-adel-fernei-isxyres-vroxes-kai-kataigides-se-10-perioxes-mexri-tin-paraskeyi-red-code-kai-gia-voreio-aigaio-kai-dodekanisa/4536823/,https://www.newsit.gr/wp-content/uploads/2025/11/kataigida-kairos-eurok-1200x630.jpg,,", , , Adel .
 , (28.11.2025) , , , , , , , .
 , , , , , , , , ’ .
 :
.
 .
« . . 6 (25-11-25) . .
 ADEL (27-11-25) (28-11-25) . .
 :
 (27-11-25) :
 , , , , , , , .
 (28-11-25) :
. , , , 
… [+567 chars]",,2025-12-11 21:00:32+00:00,wmo,Greece,MED,Europe
8de2c488d202ca3bbf3e6f4a06e0de25,2025-11-29T08:44:40Z,Thunderstorm,χαλάζι Δωδεκάνησα,www.newsit.gr,el,0.8,"Schlechtes Wetter Adel hält in der östlichen Ägäis und auf dem Dodekanes mit Regenfällen und Stürmen an – Code Red gilt. Das schlechte Wetter Adel bleibt mit starken Auswirkungen bestehen und mehrere Regionen des Landes verbrachten eine schwierige Nacht mit Stürmen und Hagel. Für heute Samstag (29.11.2025) starke Regenfälle ... 
Der Artikel Schlechtes Wetter Adel bleibt in der östlichen Ägäis und auf dem Dodekanes mit Regenfällen bestehen...",Η κακοκαιρία Adel επιμένει σε Ανατολικό Αιγαίο και Δωδεκάνησα με βροχές και καταιγίδες – Σε ισχύ το Red Code,"Η κακοκαιρία Adel επιμένει με έντονα φαινόμενα και αρκετές περιοχές της χώρας πέρασαν δύσκολη νύχτα με καταιγίδες και χαλάζι. Για σήμερα Σάββατο (29.11.2025) ισχυρές βροχές ... 
To άρθρο Η κακοκαιρία Adel επιμένει σε Ανατολικό Αιγαίο και Δωδεκάνησα με βροχές …",Bad weather Adel persists in Eastern Aegean and Dodecanese with rains and storms – Code Red is in force. Bad weather Adel persists with strong effects and several regions of the country spent a difficult night with storms and hail. For today Saturday (29.11.2025) heavy rains ... The article Bad weather Adel persists in Eastern Aegean and Dodecanese with rains ...,"Tempestas Adel in Oriente Aegaeo et Dodecanese cum imbribus et procellis persistit – Codex Rubeus in effectu est. Tempestas Adel cum validis effectibus persistit et complures regiones regionis difficilis noctes cum procellis et grandine consumpsit. Hodie enim Sabbati (29.11.2025) imbribus .. . 
Articulus tempestatis Adel in Aegaeo et Dodecanesi orientali cum imbribus persistit.",https://www.newsit.gr/ellada/i-kakokairia-adel-epimenei-se-anatoliko-aigaio-kai-dodekanisa-me-vroxes-kai-kataigides-se-isxy-to-red-code/4538565/,https://www.newsit.gr/wp-content/uploads/2025/11/6754722-1200x630.jpg,,"Adel .
 (29.11.2025) , .
 ADEL , , .
 . , 30 , , , .
 , , 127 , 27 49 .
  . , .
, .
, , , «MARBELA» , «MIRA MARE».
 «». .
 , , .
“RED CODE” , , , ,  , , ().
, :
 , , , , , , . .
 . 4 6 7… [+39 chars]",,2025-12-11 21:00:32+00:00,wmo,Greece,MED,Europe
4b5c1aa2745f358c9a59535669be84e8,2025-11-29T05:37:37Z,Thunderstorm,κακοκαιρία νησιά Δωδεκάνησα,www.naftemporiki.gr,el,0.8,"Schlechtes Wetter: „Adel“ bleibt mit starken Regenfällen und Stürmen bestehen – Wo Unwetter erwartet werden. Heftige Regenfälle und Stürme werden heute auf den Inseln der östlichen Ägäis bis zum Mittag und auf den Dodekanes bis zum späten Nachmittag vorhergesagt, da das schlechte Wetter Adel weiterhin seine „Zähne“ zeigt... Schlechtes Wetter: „Adel“ hält an mit starken Regenfällen und Kat...",Κακοκαιρία: Επιμένει η «Adel» με ισχυρές βροχές και καταιγίδες – Πού αναμένονται έντονα καιρικά φαινόμενα,"Iσχυρές βροχές και καταιγίδες προβλέπονται σήμερα στα νησιά του Ανατολικού Αιγαίου μέχρι το μεσημέρι και στα Δωδεκάνησα μέχρι αργά το απόγευμα, καθώς η κακοκαιρία Adel συνεχίζει να δείχνει τα «δόντια»…
Κακοκαιρία: Επιμένει η «Adel» με ισχυρές βροχές και καται…","Bad weather: ""Adel"" persists with heavy rains and storms - Where severe weather is expected. Heavy rains and storms are forecast today in the Eastern Aegean islands until noon and in the Dodecanese until late afternoon, as the bad weather Adel continues to show its ""teeth""... Bad weather: ""Adel"" persists with heavy rains and cat...","Tempestas: ""Adel"" cum imbribus et procellis persistit - Ubi gravis tempestas exspectatur. Imbres et tempestates hodie praenuntiant in insulis Aegaeis orientalibus usque ad meridiem et in Dodecanese usque ad meridiem, sicut tempestatibus Adel pergit ostendere ""dentes"".
Tempestatibus: ""Adel"" cum imbribus perseverat et...",https://www.naftemporiki.gr/society/2040038/kakokairia-epimenei-i-adel-me-ischyres-vroches-kai-kataigides-poy-anamenontai-entona-kairika-fainomena/,https://www.naftemporiki.gr/wp-content/uploads/2022/11/vroxi.jpg,,"I , Adel «» .
 . , , , , , , . .
 .
 4 6 7 , 4 5, 6 .
 . 16 18 , 19 21 22 14 16 .
, , , . 4 5 3 4 . 09 18 .
 . . 4 5 . 07 14 .
 :
, 
: . . .
: 3 5 .
: 08 15 16 . 3 5 .
 , , , 
: , .
: 3… [+321 chars]",,2025-12-12 20:55:25+00:00,wmo,Greece,MED,Europe
fa162f649ac5618b6e87a890bcf889c2,2025-11-27T09:37:43Z,Thunderstorm,κακοκαιρία ανατολική Πελοπόννησος,www.newsit.gr,el,0.7,"Schlechtes Wetter Adel: Ionisches Meer, Ätoloakarnanien, West- und Südpeloponnes, Zentral- und Ostmakedonien und Thrakien im Fokus. Der Vormarsch des schlechten Wetters Adel setzt sich in Westgriechenland fort, wobei Regenfälle und Stürme viele Probleme verursachen. Vom Regen und der... 
Der Artikel Schlechtes Wetter Adel: Ionisches Meer, Ätoloakarnanien, West- und Südpeloponnes, Zentral- und Ostpeloponnes...","Κακοκαιρία Adel: Ιόνιο, Αιτωλοακαρνανία, Δυτική και Νότια Πελοπόννησος, Κεντρική και Ανατολική Μακεδονία και Θράκη στο επίκεντρο","Η επέλαση της κακοκαιρίας Adel συνεχίζεται στη δυτική Ελλάδα με τις βροχές και τις καταιγίδες να έχουν προκαλέσει πολλά προβλήματα. Από τις βροχές και τις ... 
To άρθρο Κακοκαιρία Adel: Ιόνιο, Αιτωλοακαρνανία, Δυτική και Νότια Πελοπόννησος, Κεντρική και Ανατο…","Bad weather Adel: Ionian, Etoloakarnania, Western and Southern Peloponnese, Central and Eastern Macedonia and Thrace in focus. The advance of bad weather Adel continues in western Greece with rains and storms causing many problems. From the rains and the... 
The article Bad weather Adel: Ionian, Aetoloakarnania, Western and Southern Peloponnese, Central and Eastern...","Tempestates Adel: Ionica, Etoloakarnania, occidentalis et meridionalis Peloponnesus, Macedonia media et orientalis et Thracia in focus. Progressus tempestatis tempestatis Adel pergit in Graecia occidentali cum imbribus et procellis multas difficultates causando. A pluviis ac. 
Articulus tempestatis Adel: Ionica, Aetoloakarnania, occidentalis et meridionalis Peloponnesus, media et orientalis...",https://www.newsit.gr/ellada/kakokairia-adel-ionio-aitoloakarnania-dytiki-kai-notia-peloponnisos-kentriki-kai-anatoliki-makedonia-kai-thraki-sto-epikentro/4536858/,https://www.newsit.gr/wp-content/uploads/2025/11/kairos-kakokairia-1200x630.jpg,,"Adel .
 Adel .
 (28.11.2025) 7 . Facebook .
 , , , .
« 7 …», .
«» 
 (26.11.2025) (27.11.2025), .
 .
 , meteo.gr / 100 4 , 80 11 60 22 .
live 
 (17.11.2025)
 , , , .
 . , , , , .
 4 6, 7 … [+335 chars]",,2025-12-16 16:04:40+00:00,wmo,Greece,MED,Europe
ab8b578e171ba90739af774b45dc6771,2025-11-20T16:26:44Z,Precipitation,νεροποντή ελλάδα,www.protothema.gr,el,0.7,"Fünf Züchter strandeten aufgrund des gestrigen Regengusses im Dorf Grammos. Sie sollen in gutem Gesundheitszustand sein, das Gebiet sei aufgrund des rauschenden Wassers weiterhin schwer zugänglich | Schlechtes Wetter | Linie | Mazedonien | Regenguss | Griechenland",Πέντε κτηνοτρόφοι αποκλεισμένοι στο χωριό Γράμμος εξαιτίας της χθεσινής νεροποντής,"Φέρεται να είναι καλά στην υγεία τους, η περιοχή παραμένει δύσκολα προσβάσιμη λόγω των ορμητικών νερών | Κακοκαιρία | Γράμμος | Μακεδονία | νεροποντή | Ελλάδα","Five breeders stranded in the village of Grammos due to yesterday's downpour. They are said to be in good health, the area remains difficult to access due to the rushing waters | Bad weather | Line | Macedonia | downpour | Greece","Quinque eculi in Grammos pago subductis ob hesternum imbrem. Sani dicuntur, area difficilis aditus ob aquas rapidas | Bad weather | Line | Macedonia | imber | Graecia",https://www.protothema.gr/greece/article/1730236/pede-ktinotrofoi-apokleismenoi-sto-horio-grammos-exaitias-tis-hthesinis-neropodis/,https://www.protothema.gr/images/640x360share/jpg/files/2025-11-19/nestorio_plimmires__xoros_river_party.jpg,,"To view this video please enable JavaScript, and consider upgrading to a
 web browser that supports HTML5 video",,2025-12-16 20:56:24+00:00,wmo,Greece,MED,Europe
245ecb08e56175d0a4ec6f7d9374902a,2025-11-28T09:18:32Z,Precipitation,νεροποντή ελλάδα,www.protothema.gr,el,0.7,"Der Fatalismus der Griechen und der... reichen Überschwemmungen. Jeder heftige Regenguss in Griechenland wird von bekannten Bildern begleitet. Aber der Fatalismus, dass „nur das hier passiert“ – ignoriert eine wichtige Realität, dass selbst einige der am besten organisierten und wohlhabendsten Städte der Welt sich vor dem ... beugen …",Η μοιρολατρία του Έλληνα και οι… πλούσιες πλημμύρες,Κάθε έντονη νεροποντή στην Ελλάδα συνοδεύεται από γνώριμες εικόνες. Η μοιρολατρία όμως του ότι «μόνο εδώ συμβαίνουν αυτά» – αγνοεί μια σημαντική πραγματικότητα ότι ακόμα και μερικές από τις πιο οργανωμένες και πλούσιες πόλεις του κόσμου λυγίζουν μπροστά στην …,"The fatalism of the Greek and the... rich floods. Every heavy downpour in Greece is accompanied by familiar images. But the fatalism that ""only this happens here"" - ignores an important reality that even some of the most organized and wealthy cities in the world are bowing before the...","Fatalism Graeci et... di- lutiones. Omnis imber in Graecia familiaribus simulacris comitatur. Fatalismus autem, qui ""tantum hoc hic accidit"" - momenti ignorat rem, quae etiam nonnullae in mundo opulentissimae et opulentissimae civitates ante adorant...",https://www.protothema.gr/greece/article/1734509/i-moirolatria-tou-ellina-kai-oi-plousies-plimmures/,https://www.protothema.gr/images/640x360share/jpeg/files/2025-11-28/%CF%81%CE%B1%CE%B9%CE%BD_shutterstock_1332077363.jpeg,,". 25 2025 , . , , .  Telegraph, ,   . , , . « » .",,2025-12-16 20:56:24+00:00,wmo,Greece,MED,Europe
ef90ea465e0c1e2d80a958005a8b6887,2025-11-17T21:46:22Z,Drought,ξηρασία ελλάδα,www.newsit.gr,el,0.8,"Wetter – Meteo: Dürreindex in Griechenland im November. Eine interessante Analyse der Dürre im Land im November wurde am Montag (17.11.2025) von Meteo, dem Wetterdienst des Nationalen Observatoriums von Athen, vorgelegt. Die Forschung von... 
Der Artikel Wetter – Meteo: Dürreindex in Griechenland im November veröffentlicht...",Καιρός – Meteo: Δείκτης ξηρασίας στην Ελλάδα τον Νοέμβριο,"Ενδιαφέρουσα ανάλυση για την ξηρασία στη χώρα τον Νοέμβριο παρουσίασε τη Δευτέρα (17.11.2025) το Meteo, η μετεωρολογική υπηρεσία του Εθνικού Αστεροσκοπείου Αθηνών. Η έρευνα του ... 
To άρθρο Καιρός – Meteo: Δείκτης ξηρασίας στην Ελλάδα τον Νοέμβριο δημοσιεύτη…","Weather – Meteo: Drought index in Greece in November. An interesting analysis of the drought in the country in November was presented on Monday (17.11.2025) by Meteo, the meteorological service of the National Observatory of Athens. The research of ... The article Weather – Meteo: Drought index in Greece in November published...","Tempestas – Meteo: Siccitas index in Graecia mense Novembri. Interesting analysis de siccitatis in regione mense Novembri die Lunae (17.11.2025) praesentatus est Meteo, ministerium meteorologicum Nationalis Observatorii Athenarum. Investigatio de ... Articulus Tempestatis – Meteo: Siccitas index in Graecia mense Novembri editus...",https://www.newsit.gr/ellada/kairos-meteo-deiktis-ksirasias-stin-ellada-ton-noemvrio/4529176/,https://www.newsit.gr/wp-content/uploads/2025/11/afrikanikh-skonh-kairos-eurok-1200x630.jpg,,"(17.11.2025) Meteo, .
 Meteo 10 : ) 7-28 , ) 28-100 , .
 Copernicus (SSMI) , 1991 – 2020. , 1 5, , , , .
 , , .
 (7-28 .), . , , Meteo.
 (28-100 .), , , . , , ( 1 4) ( 1 2) , , .
 10 2025 7-28 … [+115 chars]",,2025-12-18 02:29:52+00:00,edo,Greece,MED,Europe
9225cf87a34c351e068542f1a2f18e05,2025-11-26T19:22:11Z,Precipitation,βροχή νησιά βορειοανατολικού Αιγαίου,www.protothema.gr,el,0.3,"Adel „zertrümmert“ Korfu, Straßen überschwemmt – Flugzeug landet nicht. Der Sturm begann gegen 7:30 Uhr und innerhalb einer Stunde verwandelten sich die Straßen in Flüsse und Wildbäche, wobei viele Fahrer vom Wasser eingeschlossen wurden, während die Feuerwehr wiederholt gerufen wurde | Regen | Korfu | Überschwemmungen | Feuerwehrmann…","Η Adel «σφυροκοπά» την Κέρκυρα, πλημμύρισαν δρόμοι - Αεροσκάφος δεν κατάφερε να προσγειωθει","Η καταιγίδα ξεκίνησε περίπου στις στις 7:30 και μέσα σε μια ώρα οι δρόμοι μετατράπηκαν σε ποτάμια και χείμαρρους, με πολλούς οδηγούς να εγκλωβίζονται από τα νερά, ενώ και η Πυροσβεστική να δέχεται αλλεπάλληλες κλήσεις | Βροχή | Κέρκυρα | Πλημμύρες | Πυροσβεστ…","Adel ""pounds"" Corfu, streets flooded - Aircraft failed to land. The storm started at about 7:30 and within an hour the roads turned into rivers and torrents, with many drivers trapped by the water, while the Fire Department received repeated calls | Rain | Corfu | Floods | Firefighter…","Adel ""minas"" Corcyrae, plateae inundatae - aircraft ad terram defecit. Tempestas circiter 7:30 incepit et intra horam viae versae sunt in fluvios et torrentes, cum multis rectoribus ab aqua capti, dum repetitum vocat Department Ignis accepit | Pluvia | Corfu | Flumina | Firefighter...",https://www.protothema.gr/greece/article/1733635/i-adel-sfurokopa-tin-kerkura-plimmurisan-dromoi-aeroskafos-den-katafere-na-prosgeiothei/,https://www.protothema.gr/images/640x360share/2/jpeg/files/2024-12-11/xrvma_ektakth_epikairothta_1012242.jpeg,,"To view this video please enable JavaScript, and consider upgrading to a
 web browser that supports HTML5 video",,2025-12-18 05:01:16+00:00,wmo,Greece,MED,Europe
f10fa14ed737a80e11980ba422832621,2025-11-28T22:01:00Z,Thunderstorm,καταιγίδα αττική,www.protothema.gr,el,0.7,"Starker Sturm trifft Attika: Starker Wind und Hagel in vielen Gebieten. Kurz vor Mitternacht brach in Attika, Griechenland, ein plötzlicher Sturm aus",Ισχυρή καταιγίδα χτυπάει την Αττική: Δυνατός αέρας και χαλάζι σε πολλές περιοχές,Ξαφνική καταιγίδα ξέσπασε λίγο πριν τα μεσάνυχτα στην Αττική | Ελλάδα,Strong storm hits Attica: Strong wind and hail in many areas. A sudden storm broke out shortly before midnight in Attica Greece,Tempestas valida Atticam ferit: ventus vehemens et grando in multis locis. Paulo ante mediam noctem in Atticam Graeciam repentina tempestas orta est,https://www.protothema.gr/greece/article/1734911/ishuri-kataigida-htupaei-tin-attiki-dunatos-aeras-kai-halazi-se-polles-periohes/,https://www.protothema.gr/images/640x360share/jpg/files/2025-11-29/vroxi-xrwma.jpg,,", , , «» , : , 42 , , 72.800",,2025-12-18 05:01:16+00:00,wmo,Greece,MED,Europe
b9e7096f2d7014c8d8d6e2476e171bf3,2025-11-18T21:19:00Z,Thunderstorm,έντονα καιρικά φαινόμενα στην Ελλάδα,www.protothema.gr,el,0.7,Unwetter in Epirus – Ein Blitz schlug in das Dach eines Wohnhauses ein. Die Dachziegel zerbrachen und wurden um das Gebäude herumgeschleudert - Probleme im Straßennetz von Konitsa aufgrund kleinerer Erdrutsche und transportierter Materialien | Ioannina | Thesprotia | Winde | Regen | Blitz | Griechenland,Έντονα καιρικά φαινόμενα στην Ηπειρο - Κεραυνός έπεσε σε στέγη πολυκατοικίας,Τα κεραμίδια της στέγης έσπασαν και εκτοξεύτηκαν γύρω από την οικοδομή - Προβλήματα στο οδικό δίκτυο της Κόνιτσας λόγω μικροκατολισθήσεων και φερτών υλικών | Ιωάννινα | Θεσπρωτία | Άνεμοι | Βροχές | Κεραυνός | Ελλάδα,Severe weather in Epirus - Lightning struck the roof of an apartment building. The roof tiles broke and were thrown around the building - Problems in the road network of Konitsa due to small landslides and transported materials | Ioannina | Thesprotia | Winds | Rains | Lightning | Greece,Tempestas saeva in Epiro est - tectum aedium fulmen percussit. Tegulae tegularum fregerunt et circa aedificium eiectae sunt - Problematum in retis via Konitsa ob parvas ruinas et materias transportatas | Ioannina | Thesprotia | Winds | Pluviae | Lightning | Graecia,https://www.protothema.gr/greece/article/1729055/edona-kairika-fainomena-stin-ipeiro-keraunos-epese-se-stegi-polukatoikias/,https://www.protothema.gr/images/640x360share/jpg/files/2025-11-18/5663420.jpg,,"To view this video please enable JavaScript, and consider upgrading to a
 web browser that supports HTML5 video",,2025-12-19 09:01:08+00:00,wmo,Greece,MED,Europe
7c64aabc09d54fdf74a04f32fe75e221,2025-11-20T06:51:00Z,Storm,καταιγίδα αυστραλία,i-epikaira.blogspot.com,el,0.3,"Der Hauch der Niederlage des „Kabels“. Die Niederlage des „Kabels“ und die ernsten FragenAlexanders TarkasGriechenland und Zypern würden unter normalen Bedingungen in wenigen Tagen den Meilenstein des 1. Dezember 2025 feiern, der seit dem Frühjahr 2024 als Datum für die Fertigstellung der Bathymetrie festgelegt war...",Το απόνερα της ήττα του «καλωδίου»,"Η ήττα του «καλωδίου» και τα σοβαρά ερωτήματαAλέξανδρος ΤάρκαςΗ Ελλάδα και η Κύπρος, υπό ομαλές συνθήκες, θα εόρταζαν σε λίγες ημέρες το ορόσημο της 1ης Δεκεμβρίου 2025 το οποίο είχε οριστεί, από την άνοιξη του 2024, ως ημερομηνία ολοκλήρωσης των βυθομετρικών…","The breath of the defeat of the ""cable"". The defeat of the ""cable"" and the serious questionsAlexanders TarkasGreece and Cyprus, under normal conditions, would celebrate in a few days the milestone of December 1, 2025 which had been set, since the spring of 2024, as the date for the completion of the sounding...","Flatus cladem ""funis"". Strages ""funis"" et quaestiones gravis Alexander TarkasGreece et Cypri, sub condicionibus normalibus, in paucis diebus milliario 1 Decembris 2025 celebraret, quae posita erat, a fonte Domini 2024, sicut dies ad complendum sonum.",https://i-epikaira.blogspot.com/2025/11/blog-post_85.html,https://lh3.googleusercontent.com/blogger_img_proxy/AEn0k_sxz2zp-m_go-p8TByckGB0-f_DeP4-RJeGkEMpJCjwbnLOvA_d_KM7DLx8Ev4bO1jTaOX31X6kD6Gs8kz6YGCRuzXw9UqjKdA99WjplDhPKj6S5h3cOUV3y0hNtsoU,,", , 1 2025 , 2024, (Great Sea Interconnector-GSI «»).
 Goksu Gokova Beykoz , , Ievoli Relume ( ) , , 3 15 .
, Ievoli Relume, 2024-2025, 2014 . , GSI.
 . , , , , . . ( 25 2025, Open) « , » …« , »!… [+302 chars]",,2025-12-20 04:56:30+00:00,aidr,Australia,SAU,Oceania
3af9d7beb47af38a9e5fcf4ec0d99a79,2025-11-24T08:55:00Z,Earthquake,σεισμός ελλάδα,www.protothema.gr,el,0.7,"Stärke 4,1 Richter-Erdbeben in Karditsa. Das Epizentrum liegt 1 Kilometer westlich des Neochorio Karditsa-Erdbebens | Karditsa | Erdbeben jetzt | Larisa | Griechenland","Σεισμός 4,1 Ρίχτερ στην Καρδίτσα",Το επίκεντρο εντοπίζεται 1 χιλιόμετρο δυτικά του Νεοχωρίου Καρδίτσας | Σεισμός | Καρδίτσα | Σεισμός τώρα | Λάρισα | Ελλάδα,4.1 Richter earthquake in Karditsa. The epicenter is located 1 kilometer west of Neochorio Karditsa Earthquake | Karditsa | Earthquake now | Larisa | Greece,4.1 Richter terrae motus in Karditsa. Epicenter sita est 1 chiliometrorum occidentalium Neochoriorum Karditsa Terraemotus | Karditsa | Terrae motus nunc | Larisa | Graecia,https://www.protothema.gr/greece/article/1732038/seismos-42-rihter-sti-larisa/,https://www.protothema.gr/images/640x360share/png/files/2025-11-24/seismos-karditsa-42.png,,"50 Dakar Rally, TUDOR , . Ranger .",,2025-12-24 20:54:31+00:00,usgs,Greece,MED,Europe
c9b776bb0d14a31622852cd11be51fb0,2025-11-27T00:41:48Z,Earthquake,σεισμός ελλάδα,www.protothema.gr,el,0.7,"Erdbeben der Stärke 4,8 vor Kreta. Das Beben hielt lange an und war in den meisten Gebieten der Insel zu spüren. Erdbeben | Kreta | Griechenland","Σεισμός 4,8 Ρίχτερ στα ανοιχτά της Κρήτης",Η δόνηση είχε μεγάλη διάρκεια και έγινε αισθητή στις περισσότερες περιοχές του νησιού | Σεισμός | Κρήτη | Ελλάδα,4.8 Richter earthquake off Crete. The vibration lasted a long time and was felt in most areas of the island Earthquake | Crete | Greece,4.8 Turnebus terrae motu Cretae. Vibratio diu duravit et in plerisque regionibus terrae motus sentitur | Creta | Graecia,https://www.protothema.gr/greece/article/1733724/seismos-48-rihter-sta-anoihta-tis-kritis/,https://www.protothema.gr/images/640x360share/jpg/files/2025-11-27/mixcollage-27-nov-2025-02-39-am-4640.jpg,,"To view this video please enable JavaScript, and consider upgrading to a
 web browser that supports HTML5 video",,2025-12-24 20:54:31+00:00,usgs,Greece,MED,Europe
38ac61acaa99857625ca67a837819fa9,2025-11-30T22:46:00Z,Earthquake,σεισμός ελλάδα,www.protothema.gr,el,0.7,"3,2 Richter-Erdbeben in Ilia. Das Epizentrum des Bebens lag 5 Kilometer westnordwestlich von Giannitsochori | Erdbeben | Ilia | Griechenland","Σεισμός 3,2 Ρίχτερ στην Ηλεία",Το επίκεντρο της δόνησης εντοπίστηκε 5 χιλιόμετρα δυτικά βορειοδυτικά του Γιαννιτσοχωρίου | Σεισμός | Ηλεία | Ελλάδα,3.2 Richter earthquake in Ilia. The epicenter of the tremor was located 5 kilometers west-northwest of Giannitsochori | Earthquake | Ilia | Greece,3.2 Turnebus terrae motus in Ilia. Tremoris epicenter sita erat 5 chiliometrorum occidentalium septentrionalium Giannitsochori | Terrae motus | Ilia | Graecia,https://www.protothema.gr/greece/article/1735513/seismos-32-rihter-stin-ileia/,https://www.protothema.gr/images/640x360share/jpg/files/2025-12-01/mixcollage-01-dec-2025-12-44-am-4343.jpg,,"To view this video please enable JavaScript, and consider upgrading to a
 web browser that supports HTML5 video",,2025-12-24 20:54:31+00:00,usgs,Greece,MED,Europe
30aa4e40277e5314b7334a32c901f81a,2025-11-27T20:27:00Z,Thunderstorm,χαλάζι ελλάδα,www.protothema.gr,el,0.7,"Die gefährlichen 12 Stunden Schlechtwetter Adel am Freitag: Stürme und Hagel in Attika, den Gebieten, die einen roten Code eingeben – Siehe Karten. Wie wird sich das schlechte Wetter, das den größten Teil des Landes heimgesucht hat, in den nächsten Stunden entwickeln - Große Probleme in Westgriechenland - Erleben Sie den Verlauf der Stürme | Wetter | Schlechtes Wetter | Regen | Attika | Gewitter | Hagel | Griechenland","Το επικίνδυνο 12ωρο της κακοκαιρίας Adel την Παρασκευή: Καταιγίδες και χαλάζι στην Αττική, οι περιοχές που μπαίνουν σε red code – Δείτε χάρτες",Πώς θα εξελιχθεί τις επόμενες ώρες η κακοκαιρία που έχει πλήξει το μεγαλύτερο μέρος της χώρας - Μεγάλα τα προβλήματα στη δυτική Ελλάδα - Live η πορεία των καταιγίδων | Καιρός | Κακοκαιρία | Βροχές | Αττική | Καταιγίδες | Χαλάζι | Ελλάδα,"The dangerous 12 hours of bad weather Adel on Friday: Storms and hail in Attica, the areas that enter a red code - See maps. How will the bad weather that has affected most of the country develop in the next few hours - Big problems in western Greece - Live the course of the storms | Weather | Bad weather | Rains | Attica | Thunderstorms | Hail | Greece","Periculosae sunt 12 horae tempestatibus Adel die Veneris: Tempestates et grando in Attica, loca quae in codice rubro intrant - See maps. Quomodo tempestates malas, quae maximas regiones affectaverunt, paucis proximis horis explicabuntur - Magna problemata in Graecia occidentali - Vive curricula tempestatum | Tempestas | Bad weather | Pluviae | Attica | Procellae | Ave | Graecia",https://www.protothema.gr/greece/article/1734281/se-kokkino-sunagermo-gia-tin-kakokairia-adel-vrohes-kai-kataigides-tin-paraskeui-halazi-stin-attiki-deite-hartes/,https://www.protothema.gr/images/640x360share/2/jpg/files/2024-05-10/vrohi__1_.jpg,,"- . , . . , .
, , , , , , , . Meteo .  
, meteo.gr / 100 7 , 80 22 60 41 .
, Kefalonia Focus.
  , . 
« » 
, , , .  protothema.gr , «» , , .
 : 
, , , artinos.gr. , , . , ,
,   . , ilefkada.g… [+329 chars]",,2025-12-25 20:54:35+00:00,wmo,Greece,MED,Europe
78b909eb93adf85d0705a9e2717e21ec,2025-11-28T09:19:51Z,Thunderstorm,χαλάζι ελλάδα,www.newsit.gr,el,0.7,"Schlechtes Wetter Adel: Erdrutsche in Tzoumerka, Hagel und Überschwemmungen in Argolis, Lakonien und Kefalonia – Bilder des Chaos. Unwetter Adel traf ab Freitagmorgen (28.11.25) mit großer Heftigkeit Attika, Westgriechenland, die Ionischen Inseln und den Peloponnes. Der ... Der Artikel Schlechtes Wetter Adel: Erdrutsche in Tzoumerka, Hagel und Überschwemmungen in Argolis, Lakonien und K...","Κακοκαιρία Adel: Κατολισθήσεις στα Τζουμέρκα, χαλάζι και πλημμύρες σε Αργολίδα, Λακωνία και Κεφαλονιά – Εικόνες χάους","Με σφοδρότητα χτύπησε η κακοκαιρία Adel την Αττική, τη δυτική Ελλάδα, τα νησιά του Ιονίου και την Πελοπόννησο, από το πρωί της Παρασκευής (28.11.25). Η ... 
To άρθρο Κακοκαιρία Adel: Κατολισθήσεις στα Τζουμέρκα, χαλάζι και πλημμύρες σε Αργολίδα, Λακωνία και Κ…","Bad weather Adel: Landslides in Tzoumerka, hail and floods in Argolis, Laconia and Kefalonia - Images of chaos. Bad weather Adel hit Attica, western Greece, the Ionian Islands and the Peloponnese with severity, from Friday morning (28.11.25). The ... 
The article Bad weather Adel: Landslides in Tzoumerka, hail and floods in Argolida, Laconia and K...","Tempestates Adel: Landslides in Tzoumerka, grando et flumina in Argolis, Laconia et Kefalonia - Imagines chaos. Tempestates Adel hit Atticam, Graeciam occidentalem, Insulas Ionicas et Peloponnesum aspere, a mane Veneris (28.11.25). The ... Articulus Tempestatum Adel: Landslides in Tzoumerka, Grando et Flumina in Argolis, Laconia et K...",https://www.newsit.gr/ellada/kakokairia-adel-katolisthiseis-sta-tzoumerka-xalazi-kai-plimmyres-se-argolida-lakonia-kai-kefalonia-eikones-xaous/4537757/,https://www.newsit.gr/wp-content/uploads/2025/11/kakokairia-tzoumerka-1-1200x630.jpg,,"11:13 
 28.11.25
11:10 
 28.11.25
10:57 
 28.11.25
10:56 
 28.11.25
10:48 
 28.11.25
10:09 
 28.11.25",,2025-12-25 20:54:35+00:00,wmo,Greece,MED,Europe
93cc012fa372c5ec1bc6b2c5d5b2fbc1,2025-11-28T12:42:50Z,Thunderstorm,χαλάζι ελλάδα,www.protothema.gr,el,0.7,Heftiger Hagel auf Lesbos – Video ansehen. Große Probleme auf Straßen und Betrieben | Hagel | Mytilini | Lésbos | Schlechtes Wetter | Griechenland,Ισχυρή χαλαζόπτωση στη Λέσβο - Δείτε βίντεο,Σημαντικά προβλήματα σε δρόμους και επιχειρήσεις | Χαλάζι | Μυτιλήνη | Λέσβος | Κακοκαιρία | Ελλάδα,Heavy hail in Lesbos - Watch video. Major problems on roads and businesses | Hail | Mytilini | Lesbos | Bad weather | Greece,Grando gravis in Lesbo - Watch video. Maiores quaestiones de viis et negotiis | Ave | Mytilini | Lesbos | Bad weather | Graecia,https://www.protothema.gr/greece/article/1734620/ishuri-halazoptosi-sti-lesvo-deite-video/,https://www.protothema.gr/images/640x360share/jpg/files/2025-11-28/lesvos-xalazi.jpg,,", , , «» , : , 42 , , 72.800",,2025-12-25 20:54:35+00:00,wmo,Greece,MED,Europe
c4c489d822eaa6401c57f65b67ce1dd6,2025-11-28T15:23:00Z,Thunderstorm,χαλάζι ελλάδα,www.protothema.gr,el,0.7,Video ansehen: „Weiße“ Landschaft nach dem heftigen Hagelsturm in einem Dorf in Euböa. Die meisten Gebiete sind schlechtem Wetter ausgesetzt – Katastrophenschutz in Alarmbereitschaft | Schlechtes Wetter | Euböa | Hagel | Griechenland,Δείτε βίντεο: «Λευκό» τοπίο από την έντονη χαλαζόπτωση σε χωριό στην Εύβοια,Στο έλεος της κακοκαιρίας οι περισσότερες περιοχές - Σε επιφυλακή η Πολιτική Προστασία | Κακοκαιρία | Εύβοια | Χαλάζι | Ελλάδα,"Watch video: ""White"" landscape from the intense hailstorm in a village in Evia. Most areas at the mercy of bad weather - Civil Protection on alert | Bad weather | Evia | Hail | Greece","Spectare video: ""White"" topiorum ex ingenti grandine in vico Evia. Pleraque in locis ad misericordiam tempestatibus - Civilis tutela intenti | Bad weather | Evia | Ave | Graecia",https://www.protothema.gr/greece/article/1734700/deite-video-leuko-topio-apo-tin-edoni-halazoptosi-se-horio-stin-euvoia/,https://www.protothema.gr/images/640x360share/jpg/files/2025-11-28/xalazi_eyboia.jpg,,", , , «» , : , 42 , , 72.800",,2025-12-25 20:54:35+00:00,wmo,Greece,MED,Europe
7498bffec8650fcd08cdbfd5d02394e9,2025-11-30T09:24:02Z,Thunderstorm,χαλάζι ελλάδα,www.newsit.gr,el,0.7,"Wetter – Tsatraphyllias: Schlechtes Wetter kehrt mit Stürmen, Hagel und orkanartigen Winden zurück – West- und Nordgriechenland im Fokus. Das schlechte Wetter kehrt mit wilder Stimmung zurück, denn ab Mitte der Woche wird das Land von einer neuen Runde Regen und Stürmen heimgesucht, begleitet von ... 
Der Artikel Wetter - Tsatraphyllias: Schlechtes Wetter kehrt mit Stürmen, Hagel und orkanartigen Winden zurück...","Καιρός – Τσατραφύλλιας: Επιστρέφει η κακοκαιρία με καταιγίδες, χαλάζι και θυελλώδεις ανέμους – Δυτική και βόρεια Ελλάδα στο επίκεντρο","Με άγριες διαθέσεις επιστρέφει η κακοκαιρία, καθώς από τα μέσα της εβδομάδας θα χτυπήσει τη χώρα νέος κύκλος βροχών και καταιγίδων που θα συνοδεύονται από ... 
To άρθρο Καιρός – Τσατραφύλλιας: Επιστρέφει η κακοκαιρία με καταιγίδες, χαλάζι και θυελλώδεις ανέμο…","Weather - Tsatraphyllias: Bad weather returns with storms, hail and gale force winds - Western and northern Greece in focus. The bad weather returns with wild moods, as from the middle of the week a new round of rain and storms will hit the country, accompanied by ... 
The article Weather - Tsatraphyllias: Bad weather returns with storms, hail and gale force winds...","Tempestas - Tsatraphyllias: Tempestas tempestatibus redit cum procellis, grandine et gale vis ventorum - Graecia occidentali et septentrionali in focus. Tempestas tempestatibus cum feris modis redit, ut a media septimana novus cyclus imbrium et tempestatum terram attinget, comitante.",https://www.newsit.gr/ellada/kairos-tsatrafyllias-epistrefei-i-kakokairia-me-kataigides-xalazi-kai-thyellodeis-anemous-dytiki-kai-voreia-ellada-sto-epikentro/4539208/,https://www.newsit.gr/wp-content/uploads/2025/11/vroxi-ompreles-1-1200x630.jpg,,", .
 (03.12.2025) (7.12.2025). , .
 , . .
“   -…”
 !
 .
 , , .
 .
 , !
 , .
 !»",,2025-12-25 20:54:35+00:00,wmo,Greece,MED,Europe
684e15e8b45c08293b0800c010847ebb,2025-11-26T13:13:09Z,Thunderstorm,χαλάζι ελλάδα,www.protothema.gr,el,0.7,"Das Wetter wird in den nächsten Stunden wild: Ein schwieriger Tag am Donnerstag mit Stürmen, Hagel und Schlammschauern – Die betroffenen Gebiete finden Sie auf den Karten. Bis Freitag, die intensiven Phänomene - Wann werden sie Attika ""treffen"" - Notfallmitteilung von EMY in Kraft - Analytische Prognose | Wetter | Wetter morgen | Wetter EMY | Wetter Donnerstag | Regen | Griechenland","Αγριεύει ο καιρός τις επόμενες ώρες: Δύσκολη μέρα η Πέμπτη με καταιγίδες, χαλάζι και λασποβροχές - Οι περιοχές που θα επηρεαστούν, δείτε χάρτες",Έως την Παρασκευή τα έντονα φαινόμενα - Πότε θα «χτυπήσουν» την Αττική - Σε ισχύ έκτακτο δελτίο από την ΕΜΥ - Αναλυτική πρόγνωση | Καιρός | Καιρός αύριο | Καιρός ΕΜΥ | Καιρός Πέμπτη | Βροχές | Ελλάδα,"The weather gets wild in the next few hours: A difficult day on Thursday with storms, hail and mud showers - The areas that will be affected, see maps. Until Friday, the intense phenomena - When will they ""hit"" Attica - Emergency notice from EMY in effect - Detailed forecast | Weather | Weather tomorrow | Weather EMY | Weather Thursday | Rains | Greece","Tempestas in paucis horis proximis feris accipit: Difficilis dies Iovis cum procellis, grando et imbres luto - Loca quae afficientur, tabulas vide. Usque ad Veneris, intensa phaenomena - Quando Atticam ""percutiunt"" - Emergency notice from EMY in effect - Detailed forecast | Tempestas | Tempestas cras | Weather EMY | Tempestas Iovis | Pluviae | Graecia",https://www.protothema.gr/greece/article/1733437/kairos-epideinosi-tis-epomenes-ores-vrohoptoseis-katigorias-5-tin-pebti-hartes-me-tis-periohes-pou-tha-epireastoun/,https://www.protothema.gr/images/640x360share/2/jpg/files/2025-11-26/maketa-kakokairia.jpg,,"(26/11) , .meteo.gr / EAA, . , , , , . (27/11) .
, ,, , . , . 
, . .
6-8 , .(28/11) . . , .
27/11, 00:00 - 03:00, 27/11, 09:00 - 12:00 27/11, 21:00 - 24:00 . 2 , 2 , .
 :
(25/11) , . . (26-11-2… [+3 chars]",,2025-12-26 05:01:03+00:00,wmo,Greece,MED,Europe
32d10fe71e38fedd480a6bff4666417a,2025-11-28T08:39:00Z,Thunderstorm,χαλάζι ελλάδα,www.protothema.gr,el,0.7,"Erleben Sie das schlechte Wetter, das über das Land fegt, Stürme und Hagel in Attika – Wie wird sich das Wetter in den nächsten Stunden entwickeln, wo gibt es Probleme. Sehen Sie sich Videos und Fotos der Phänomene an – Neuer Notfallbericht von EMY | Schlechtes Wetter | Wetter | Regen | Gewitter | Attika | Griechenland","Live η κακοκαιρία που σαρώνει τη χώρα, καταιγίδες και χαλάζι στην Αττική - Πώς θα κινηθεί ο καιρός τις επόμενες ώρες, πού υπάρχουν προβλήματα",Δείτε βίντεο και φωτογραφίες από τα φαινόμενα - Νέο έκτακτο δελτίο από την ΕΜΥ | Κακοκαιρία | Καιρός | Βροχές | Καταιγίδες | Αττική | Ελλάδα,"Live the bad weather sweeping the country, storms and hail in Attica - How will the weather move in the next hours, where are there problems. See videos and photos of the phenomena - New emergency report from EMY | Bad weather | Weather | Rains | Thunderstorms | Attica | Greece","In Atticae patriae tempestates et grandines, tempestates verrentes — Quomodo tempestates movebunt in proximis horis, ubi illic difficultates. Videre videos et phaenomenorum imagines - Novae subitis relationes ab EMY | Bad weather | Tempestas | Pluviae | Procellae | Attica | Graecia",https://www.protothema.gr/greece/article/1734454/live-i-kakokairia-pou-saronei-ti-hora-kataigides-kai-halazi-stin-attiki-pos-tha-kinithei-o-kairos-tis-epomenes-ores-/,https://www.protothema.gr/images/640x360share/jpg/files/2025-11-28/vroxi_athina_maketa.jpg,,"To view this video please enable JavaScript, and consider upgrading to a
 web browser that supports HTML5 video",,2025-12-26 05:01:03+00:00,wmo,Greece,MED,Europe
cd4aa9868da100f5da8257e1103cc011,2025-11-28T07:44:07Z,Storm,καταιγίδα αττική,www.newsit.gr,el,0.7,"Schlechtes Wetter Adel: Die Straße zum Elektrizitätswerk in Moschato wurde überschwemmt und Bürger wurden mit Lastwagen transportiert. Der Sturm, den das schlechte Wetter Adel nach Attika brachte, verursachte viele Probleme. In Moschato wurden Menschen in Lastkraftwagen transportiert. Die Straße vor dem Bahnhof ... Der Artikel Schlechtes Wetter Adel: Die Straße am Elektrizitätswerk in Moschato war überflutet und mit...",Κακοκαιρία Adel: Πλημμύρισε ο δρόμος στον σταθμό του ηλεκτρικού στο Μοσχάτο και μετέφεραν πολίτες με καρότσα φορτηγού,"Πολλά προβλήματα προκάλεσε η καταιγίδα που έφερε η κακοκαιρία Adel στην Αττική. Στο Μοσχάτο κόσμος μεταφέρονταν με καρότσες φορτηγού. Ο δρόμος έξω από τον σταθμό ... 
To άρθρο Κακοκαιρία Adel: Πλημμύρισε ο δρόμος στον σταθμό του ηλεκτρικού στο Μοσχάτο και μετ…","Bad weather Adel: The road to the electric station in Moschato was flooded and citizens were transported by truck. The storm that bad weather Adel brought to Attica caused many problems. In Moschato, people were transported in lorry carts. The road outside the station ... The article Bad weather Adel: The road at the electric station in Moschato was flooded and with...","Tempestatibus Adel: Via ad stationem electricam in Moschato inundata est et cives per salsuram transportati sunt. Procella, quae tempestatibus Adel in Atticam est, multas difficultates attulit. In Moschato, homines in bigis lorrys deportati sunt. Via extra stationem... 
Articulus tempestatis Adel: via apud stationem electricam in Moschato inundata est et cum...",https://www.newsit.gr/ellada/kakokairia-adel-plimmyrise-o-dromos-ston-stathmo-tou-ilektrikou-sto-mosxato-kai-meteferan-polites-me-karotsa-fortigou/4537694/,https://www.newsit.gr/wp-content/uploads/2025/11/mosxato-ilektrikos-grab-1200x630.jpg,,,,2025-12-26 13:23:49+00:00,wmo,Greece,MED,Europe
92c5306e0bd9dd86f04c44324628eb05,2025-11-28T23:24:17Z,Thunderstorm,καταιγίδα αττική,www.skai.gr,el,0.7,Ein schwerer Sturm „heimgesucht“ Attika: Starker Wind und Hagel in vielen Gebieten – Wo wird es in den nächsten Stunden regnen? Der plötzliche Schneesturm verursachte in vielen Gebieten ernsthafte Probleme – Wie sich Adels Hauptfront bewegt – Live-Track des schlechten Wetters,Σφοδρή καταιγίδα «χτύπησε» την Αττική: Δυνατός αέρας και χαλάζι σε πολλές περιοχές - Πού θα βρέξει τις επόμενες ώρες,Η αιφνίδια μπόρα προκάλεσε σοβαρά προβλήματα σε πολλές περιοχές - Πώς κινείται το κύριο μέτωπο της Αdel - Live η πορεία της κακοκαιρίας,"A severe storm ""hit"" Attica: Strong wind and hail in many areas - Where will it rain in the next few hours. The sudden blizzard caused serious problems in many areas - How Adel's main front is moving - Live track of the bad weather","Tempestas gravis ""hit"" Atticae: Ventus vehemens et grando in multis locis - Ubi in paucis horis proximis pluet. Blizzard repentinus gravissimas difficultates in multis locis effecit - Quomodo frontem Adel's principalis movetur - Vive semita tempestatum malorum.",https://www.skai.gr/news/greece/sfodri-kataigida-xtypise-tin-attiki-dynatos-aeras-kai-xalazi-se-polles-perioxes,https://cdn.skai.gr/sites/default/files/styles/article_16_9/public/eurokinissi-kakokairia_1.jpg?itok=YU7-vQl9,,". , .
 , .  . «»  , .
 , .
del , .
, , , .
 , .
 , .
 15-16 , 18 20 .
 3-5, 6 , 5-6 , , .
 live :
 , 
 . , , , , , . .
 .
 4 6 7 , 4 5, 6 .
 . 16 18 , 19 21 22 14 16 .
: , . .: 4 5 3 4… [+236 chars]",,2025-12-26 13:23:49+00:00,wmo,Greece,MED,Europe
4fbaabf0dfde0ae79341a4f017d7dfd3,2025-11-29T07:34:18Z,Thunderstorm,καταιγίδα αττική,www.alphafreepress.gr,el,0.7,"Schlechtes Wetter Adel Attika: Umgestürzte Bäume, überflutete Straßen. Der starke Sturm, der das Unwetter „Adel“ begleitete, traf Attika in der Nacht zum Freitag schwer und verursachte weitreichende Probleme","Κακοκαιρία Adel Αττική: Πτώσεις δέντρων, πλημμυρισμένοι δρόμοι","Η ισχυρή καταιγίδα που συνόδευσε την κακοκαιρία «Adel» έπληξε σφοδρά την Αττική το βράδυ της Παρασκευής, προκαλώντας εκτεταμένα προβλήματ","Bad weather Adel Attica: Fallen trees, flooded roads. The strong storm that accompanied the bad weather ""Adel"" hit Attica hard on Friday night, causing widespread problems","Tempestatibus Adel Atticae: Arbores lapsae, viae inundatae. Tempestas fortis, quae tempestatem ""Adel"" comitatur, Atticam in nocte Veneris proximam pulsavit, problematum latissime disseminans",https://www.alphafreepress.gr/2025/11/29/ellada/kakokairia-adel-attiki-ptoseis-dentron-plimmyrismenoi-dromoi/,https://www.alphafreepress.gr/wp-content/uploads/2023/01/kataigida-scaled.jpg,,"«Adel» , . , , , . , , , , , . , , . , .
 , , , . , , . . , , .
 . , , . «Adel» , . , , , .",,2025-12-26 13:23:49+00:00,wmo,Greece,MED,Europe
c29a39ba52d3f527576a0c8bf3647c72,2025-11-27T15:20:56Z,Precipitation,νεροποντή δυτική Στερεά,www.protothema.gr,el,0.3,"Adel stellt den Westen mit schweren Stürmen, Hagel und Überschwemmungen auf die Probe – Wann wird es Attika treffen, erleben Sie den Verlauf des schlechten Wetters. Ein Hinweis auf die Schwere des Phänomens sind die von Meteo veröffentlichten Daten zu den Niederschlägen, die in den letzten zwei Tagen aufgetreten sind. - Ein Tornado hat Finikounda heimgesucht, in Gebieten von Messenien regnet es heftig. - Wie wird sich der Sturm entwickeln?","Η Adel δοκιμάζει τα δυτικά με σφοδρές καταιγίδες, χαλάζι και πλημμύρες - Πότε θα χτυπήσει την Αττική, live η πορεία της κακοκαιρίας","Ενδεικτικά της σφοδρότητας των φαινομένων είναι τα στοιχεία που δημοσίευσε το Meteo για τις βροχοπτώσεις που έχουν εκδηλωθεί το τελευταίο διήμερο - Ανεμοστρόβιλος χτύπησε τη Φοινικούντα, βρέχει καταρρακτωδώς σε περιοχές της Μεσσηνίας - Πώς θα κινηθεί η κακοκα…","Adel tests the west with severe storms, hail and floods - When will it hit Attica, live the course of the bad weather. Indicative of the severity of the phenomena are the data published by Meteo on the rainfall that has occurred in the last two days - A tornado hit Finikounda, it is raining torrentially in areas of Messinia - How will the storm move...","Adel occidens tentat gravibus procellis, grandinibus et fluviis - Quando Atticam feriat, tempestatibus uiuet cursus. Indicativa phaenomenorum severitas sunt notitiae a Meteo editae in pluviis quae duobus proximis diebus acciderunt - Turbo Finikounda percussus est, in locis Messaniae torrens pluit - Quomodo procella movebitur...",https://www.protothema.gr/greece/article/1734080/adel-dokimazei-dutika-sfodres-vrohoptoseis-halazi-plimmures-pote-tha-htupisei-tin-attiki-live-i-poreia-tis-kakokairias/,https://www.protothema.gr/images/640x360share/1/jpg/files/2025-11-27/xrwma-mpora.jpg,,"Adel , . «» . Adel , , . , , , , , , , . .
, , . , , . 
, . . « , ». 
- . , . . , . Adel  
Meteo .  26 (27/11), . ., meteo.gr / 100 7 , 80 22 60 41 .",,2025-12-26 20:54:10+00:00,wmo,Greece,MED,Europe
b550f094a0593e66936f88edb23618fd,2025-11-19T07:52:00Z,Precipitation,βροχόπτωση ελλάδα,www.protothema.gr,el,0.8,"Schlechtes Wetter: Probleme durch die Stürme in Epirus und Thesprotia – Blitzschäden an Häusern, in Papigo die höchsten Regenmengen. Die anhaltenden Regenfälle führten zu Problemen in der Wasserversorgung der Stadt Florina. Schlechtes Wetter | Wetter | Sturm | Epirus | Thesprotia | Griechenland","Κακοκαιρία: Προβλήματα από τις καταιγίδες σε Ήπειρο και Θεσπρωτία - Ζημιές από κεραυνούς σε σπίτια, στο Πάπιγκο τα μεγαλύτερα ύψη βροχής",Η συνεχής βροχόπτωση προκάλεσε προβλήματα στην υδροδότηση της πόλης της Φλώρινας | Κακοκαιρία | Καιρός | Καταιγίδα | Ήπειρος | Θεσπρωτία | Ελλάδα,"Bad weather: Problems from the storms in Epirus and Thesprotia - Lightning damage to houses, in Papigo the highest levels of rain. The continuous rainfall caused problems in the water supply of the city of Florina Bad weather | Weather | Storm | Epirus | Thesprotia | Greece",Tempestates: Problemata de procellis in Epiro et Thesprotia - De caelo laesione domorum in Papigo supremis pluviae gradibus. Imbribus continuis difficultates in urbe Florina tempestatibus aquarum | Tempestas | Storm | Epirus | Thesprotia | Graecia,https://www.protothema.gr/greece/article/1729180/kakokairia-provlimata-apo-tis-kataigides-se-ipeiro-kai-thesprotia-zimies-apo-keraunous/,https://www.protothema.gr/images/640x360share/1/png/files/2025-11-19/%CF%83%CF%84%CE%B9%CE%B3%CE%BC%CE%B9%CE%BF%CF%84%CF%85%CF%80%CE%BF_%CE%BF%CE%B8%CE%BF%CE%BD%CE%B7%CF%82_2025-11-19_094701.png,,"To view this video please enable JavaScript, and consider upgrading to a
 web browser that supports HTML5 video",,,wmo,Greece,MED,Europe
6691b4a05df0c2c6b88b71eaef658e57,2025-11-26T19:42:45Z,Thunderstorm,έντονα καιρικά φαινόμενα στην Ελλάδα,www.newsit.gr,el,0.8,"Schlechtes Wetter Adel „trifft“ Westgriechenland: 112 wurde in Korfu und Aitolo-Akarnanien gerufen – Straßen wurden überflutet. In Ätolo-Akarnanien und Korfu wurde Alarm wegen der Unwetterphänomene ausgelöst, die heute Abend (26.11.2025) aufgrund des schlechten Wetters Adel voraussichtlich in den nächsten Stunden „eintreten“ werden. ... 
Der Artikel Schlechtes Wetter Adel „trifft“ Westgriechenland: 112 klingelte in Ker...",Η κακοκαιρία Adel «χτυπά» τη Δυτική Ελλάδα: Ήχησε το 112 σε Κέρκυρα και Αιτωλοακαρνανία – Πλημμύρησαν δρόμοι,"Συναγερμός σήμανε στην Αιτωλοακαρνανία και την Κέρκυρα για τα έντονα καιρικά φαινόμενα που αναμένεται να «χτυπήσουν» τις επόμενες ώρες απόψε (26.11.2025), λόγω της κακοκαιρίας Adel. ... 
To άρθρο Η κακοκαιρία Adel «χτυπά» τη Δυτική Ελλάδα: Ήχησε το 112 σε Κέρ…","Bad weather Adel ""hits"" Western Greece: 112 was called in Corfu and Aitoloakarnania - Roads were flooded. An alarm was sounded in Etoloakarnania and Corfu for the severe weather phenomena expected to ""hit"" in the next few hours tonight (26.11.2025), due to the bad weather Adel. ... The article Bad weather Adel ""hits"" Western Greece: 112 rang in Ker...","Tempestates Adel ""hits"" Graeciae occidentalis: 112 in Corcyra et Aitoloakarnania dicta est - Viae inundatae sunt. Tumultus in Etoloakarnania et Corcyra obsonuerunt ob gravibus tempestatibus phaenomena se ""percutere"" in proximis horis hac nocte (26.11.2025), propter tempestatem Adel. ... 
Articulum tempestatibus Adel ""hits"" Western Graeciam: 112 sonuere in Ker...",https://www.newsit.gr/ellada/i-kakokairia-adel-xtypa-ti-dytiki-ellada-ixise-to-112-se-kerkyra-kai-aitoloakarnania-plimmyrisan-dromoi/4536423/,https://www.newsit.gr/wp-content/uploads/2025/11/kairos-keraunoi-1200x630.jpg,,"«» (26.11.2025), Adel.
 112 , 21:00, «» .
 . , «» , .
« », 112.
 112 .
 : « , . ».
 pic.twitter.com/xdKlYK3Xpa
November 26, 2025
pic.twitter.com/ODI70vaA7Q
November 26, 2025
 :
 , , , , , … [+41 chars]",,,wmo,Greece,MED,Europe
ef66069b8a4f3aee55800014c9c41de9,2025-11-29T05:40:00Z,Precipitation,βροχόπτωση ελλάδα,www.protothema.gr,el,0.8,Schlechtes Wetter Adel: Probleme gestern in Attika durch starken Regen und Hagel - Heute begrenzte Phänomene. Schäden an Autos in Piräus durch einen umstürzenden Baum - Die Regenhöhe in Tzoumerka überstieg 200 mm - Wo werden heute stärkere Auswirkungen erwartet | Wetter | Schlechtes Wetter | Griechenland,Κακοκαιρία Adel: Προβλήματα χθες στην Αττική από την έντονη βροχόπτωση και το χαλάζι - Περιορισμένα φαινόμενα σήμερα,Ζημιές σε αυτοκίνητα στην Πειραιώς από πτώση δέντρου - Ξεπέρασε τα 200 mm το ύψος βροχής στα Τζουμέρκα - Πού αναμένονται σήμερα εντονότερα φαινόμενα | Καιρός | Κακοκαιρία | Ελλάδα,Bad weather Adel: Problems yesterday in Attica from heavy rain and hail - Limited effects today. Damage to cars in Piraeus from a falling tree - The height of rain exceeded 200 mm in Tzoumerka - Where are stronger effects expected today | Weather | Bad weather | Greece,Tempestates Adel: Problemata heri in Attica de pluvia et grandine - Effectus hodierni. Damnum carris in Piraeo ex arbore caduca - Altitudo pluviae 200 mm in Tzoumerka exceditur - Ubi validiores effectus hodie exspectantur | Tempestas | Bad weather | Graecia,https://www.protothema.gr/greece/article/1734921/kakokairia-adel-provlimata-hthes-stin-attiki-apo-tin-edoni-vrohoptosi-kai-to-halazi-periorismena-fainomena-simera/,https://www.protothema.gr/images/640x360share/jpg/files/2025-11-29/lesvos.jpg,,", .
 - 200 mm 
. 26/11 , &amp; , 28/11, , . , ., meteo.gr / , 100 36 , 80 63 60 138 . , 3 , , 200 , , 900-1000 .

I , , . , . . , . . .2 9 , 5 12-14, 5 14-16 , 6 14, 9 14-17 , 11 15-16, 10 15-17 12… [+157 chars]",,,wmo,Greece,MED,Europe
7a2bb7bf0cff88d862d2bd5129af786f,2025-11-19T12:27:00Z,Precipitation,βροχόπτωση ελλάδα,www.protothema.gr,el,1.0,"Schlechtes Wetter in Igoumenitsa: Die Straße nach Plataria ist wegen starken Regens gesperrt, siehe Video. Probleme auch auf Korfu Schlechtes Wetter | Korfu | Igoumenitsa | Griechenland","Κακοκαιρία στην Ηγουμενίτσα: Κλειστός ο δρόμος προς Πλαταριά από την ισχυρή βροχόπτωση, δείτε βίντεο",Προβλήματα και στην Κέρκυρα | Κακοκαιρία | Κέρκυρα | Ηγουμενίτσα | Ελλάδα,"Bad weather in Igoumenitsa: The road to Plataria is closed due to heavy rain, see video. Problems in Corfu too Bad weather | Corfu | Igoumenitsa | Greece","Tempestas in Igoumenitsa: Via ad Platariam clausa est propter pluviam gravem, videre video. Problemata in Corcyra quoque Bad weather | Corfu | Igoumenitsa | Graecia",https://www.protothema.gr/greece/article/1729455/igoumenitsa-kleistos-o-dromos-pros-plataria-apo-tin-ishuri-vrohoptosi-deite-video/,https://www.protothema.gr/images/640x360share/1/png/files/2025-11-19/%CF%83%CF%84%CE%B9%CE%B3%CE%BC%CE%B9%CE%BF%CF%84%CF%85%CF%80%CE%BF_%CE%BF%CE%B8%CE%BF%CE%BD%CE%B7%CF%82_2025-11-19_142531.png,,"30% smartwatch 199, Budget",,,wmo,Greece,MED,Europe
a870f13e5c474c078d8b4d3421e212aa,2025-11-21T20:58:00Z,Precipitation,βροχόπτωση ελλάδα,www.protothema.gr,el,1.0,"Schüler in Vonica brauchten wegen schlechten Wetters die Feuerwehr, um nach Hause zurückzukehren – Video ansehen. Aufgrund des starken Regens wurden Dutzende Häuser und Geschäfte überschwemmt, während die Straßen reißenden Fluten ähneln | Schlechtes Wetter | Vonitsa | Westgriechenland | Griechenland",Μαθητές στη Βόνιτσα χρειάστηκαν πυροσβεστικό για να επιστρέψουν στα σπίτια τους λόγω της κακοκαιρίας - Δείτε βίντεο,"Από την έντονη βροχόπτωση δεκάδες σπίτια και καταστήματα πλημμύρισαν, ενώ οι δρόμοι θυμίζουν χειμάρρους | Κακοκαιρία | Βόνιτσα | Δυτική Ελλάδα | Ελλάδα","Pupils in Vonica needed fire brigade to return home due to bad weather - Watch video. Due to the heavy rain, dozens of houses and shops were flooded, while the streets resemble torrents | Bad weather | Vonitsa | Western Greece | Greece","Pupilli in Vonica alam igne necessariam domum redire ob tempestatibus tempestatibus - Vigilate video. Ob pluviam, justos domorum et tabernarum inundantur, cum plateae torrentibus similes | Bad weather | Vonitsa | Western Greece | Graecia",https://www.protothema.gr/greece/article/1731056/mathites-sti-vonitsa-hreiastikan-purosvestiko-gia-na-epistrepsoun-sta-spitia-tous-deite-video/,https://www.protothema.gr/images/640x360share/jpg/files/2025-11-21/xrwma-bonitsa.jpg,,"Bianchet Haute Horlogerie, tourbillon.",,,wmo,Greece,MED,Europe
c9f03d1c42dcae12d1a021a0ebe6fadb,2025-11-22T21:36:00Z,Precipitation,βροχόπτωση ελλάδα,www.protothema.gr,el,1.0,"Das Land wird weiterhin von schlechtem Wetter heimgesucht – der Regen ist weg, der Schnee kommt. Meteorologen sind sich uneinig, da nächste Woche im ganzen Land heftiger Regen erwartet wird | Schlechtes Wetter | Schneefall | Wetter | Niederschlag | Griechenland",Σε κλοιό κακοκαιρίας συνεχίζει να βρίσκεται η χώρα - Φεύγουν οι βροχές έρχονται τα χιόνια,"Διχογνωμία μεταξύ των  μετεωρολόγων, ενώ αναμένονται έντονες βροχοπτώσεις σε όλη τη χώρα την ερχόμενη εβδομάδα | Κακοκαιρία | Χιονοπτώσεις | Καιρός | Βροχόπτωση | Ελλάδα","The country continues to be in the grip of bad weather - The rains are gone, the snows are coming. Forecasters divided as heavy rain expected across country next week | Bad weather | Snowfall | Weather | Precipitation | Greece","Patria tempestatibus in manibus esse pergit - The rains are gone, the snow are coming. Forecasters sicut pluvia expectata per regionem proximam hebdomade divisa | Bad weather | Snowfall | Tempestas | Praecipitatio | Graecia",https://www.protothema.gr/greece/article/1731518/se-kloio-kakokairias-sunehizei-na-vrisketai-i-hora-feugoun-oi-vrohes-erhodai-ta-hionia/,https://www.protothema.gr/images/640x360share/jpg/files/2025-11-22/athenscold-xrm.jpg,,", , .meteo.gr, , . 24/11 22/11.
, 7-8 °C 24/11 15-17 °C 17-19 °C , ., .
, « », . , ».
« ..
.
..
. ».
GFS , .
, , .
, , .
, , , , , , .
, . « , ! /», .
... 
« "" "" ! , .
. .
, 24 26 , 18… [+719 chars]",,,wmo,Greece,MED,Europe
c1c79e3bc8152918176e5acd8409b78e,2025-11-23T07:23:17Z,Precipitation,βροχόπτωση αλβανία,www.newsit.gr,el,1.0,"Tödliche Überschwemmungen in Albanien: Ältere Frau wurde von Bach mitgerissen und ertrank – Hunderte fliehen aus ihren Häusern. In Albanien ist eine ältere Frau an den Folgen von Sturzfluten infolge starker Regenfälle gestorben. Es entstanden große Schäden an Straßen und... 
Der Artikel Tödliche Überschwemmungen in Albanien: Eine ältere Frau wurde von einem Bach mitgerissen und ertrank...",Φονικές πλημμύρες στην Αλβανία: Ηλικιωμένη παρασύρθηκε από ρέμα και πνίγηκε – Εκατοντάδες εγκατέλειψαν τα σπίτια τους,"Μία ηλικιωμένη γυναίκα έχασε τη ζωή της στην Αλβανία, από τις σαρωτικές πλημμύρες που προκλήθηκαν μετά την έντονη βροχόπτωση. Τεράστιες ζημιές προκλήθηκαν σε δρόμους και ... 
To άρθρο Φονικές πλημμύρες στην Αλβανία: Ηλικιωμένη παρασύρθηκε από ρέμα και πνίγηκε…","Deadly floods in Albania: Elderly woman swept away by stream and drowned - Hundreds flee their homes. An elderly woman has died in Albania, from flash floods caused by heavy rain. Huge damage was caused to roads and... 
The article Deadly floods in Albania: An elderly woman was swept away by a stream and drowned...","In Epiro mortifera inundat: Anus flumine rapitur et submergitur - Centum fugiunt domos suas. Anus in Albania mortua est e diluviis imbribus imbribus. Ingens damnum in itineribus et... 
Articulus Letalis inundat in Albania: Anus rapitur rivo et submersus est ...",https://www.newsit.gr/kosmos/fonikes-plimmyres-stin-alvania-ilikiomeni-parasyrthike-apo-rema-kai-pnigike-ekatontades-egkateleipsan-ta-spitia-tous/4533311/,https://www.newsit.gr/wp-content/uploads/2025/11/albania-plimmires-r4-1200x630.jpg,,", . .
 75 (22.11.2025) , . , . , .
REUTERS/Florion Goga
REUTERS/Florion Goga
Severe flooding this afternoon in Kurbin, Lezhë County, after torrential rainfall hit northwestern Albania.Homes, road… [+242 chars]",,,cmeter,Albania,MED,Europe
9b2d23fb9f794dc514a84b6a28f98315,2025-11-23T07:23:17Z,Precipitation,βροχόπτωση αλβανία,www.newsit.gr,el,1.0,"Albanien: Biblische Katastrophe durch Überschwemmungen – Ältere Frau stirbt, Hunderte fliehen aus ihren Häusern. In Albanien ist eine ältere Frau an den Folgen von Sturzfluten infolge starker Regenfälle gestorben. Es entstanden enorme Schäden an Straßen und ... Der Artikel Albanien: Biblische Katastrophe durch die Überschwemmungen – Eine ältere Frau kam ums Leben...","Αλβανία: Βιβλική καταστροφή από τις πλημμύρες – Ηλικιωμένη έχασε τη ζωή της, εκατοντάδες εγκατέλειψαν τα σπίτια τους","Μία ηλικιωμένη γυναίκα έχασε τη ζωή της στην Αλβανία, από τις σαρωτικές πλημμύρες που προκλήθηκαν μετά την έντονη βροχόπτωση. Τεράστιες ζημιές προκλήθηκαν σε δρόμους και ... 
To άρθρο Αλβανία: Βιβλική καταστροφή από τις πλημμύρες – Ηλικιωμένη έχασε τη ζωή της…","Albania: Biblical disaster from floods - Elderly woman dies, hundreds flee their homes. An elderly woman has died in Albania, from flash floods caused by heavy rain. Huge damage was caused to roads and ... The article Albania: Biblical disaster from the floods - An elderly woman lost her life...","Albania: biblica clades ex diluviis - Anus moritur, centum domos fugiunt. Anus in Albania mortua est e diluviis imbribus imbribus. Ingens damnum in viis et ... Articulus Albania: clades biblica e inundationibus - Anus amissa vita...",https://www.newsit.gr/kosmos/alvania-vivliki-katastrofi-apo-tis-plimmyres-ilikiomeni-exase-ti-zoi-tis-ekatontades-egkateleipsan-ta-spitia-tous/4533311/,https://www.newsit.gr/wp-content/uploads/2025/11/albania-plimmires-r4-1200x630.jpg,,", . .
 75 (22.11.2025) , . , . , .
REUTERS/Florion Goga
REUTERS/Florion Goga
Severe flooding this afternoon in Kurbin, Lezhë County, after torrential rainfall hit northwestern Albania.Homes, road… [+242 chars]",,,cmeter,Albania,MED,Europe
371b71f2d77fb4b4524a403350781cbf,2025-11-23T15:09:29Z,Precipitation,βροχόπτωση ελλάδα,www.protothema.gr,el,1.0,In Ioannina wird der stellvertretende Innenminister an einer Regierungssitzung über die durch das schlechte Wetter verursachten Schäden teilnehmen. Die von den starken Regenfällen der letzten Tage betroffenen Gebiete werden umgehend unterstützt Vassilis Spanakis | Schlechtes Wetter | Ioannina | Griechenland,Στα Ιωάννινα ο Υφυπουργός Εσωτερικών - Θα συμμετάσχει σε κυβερνητική σύσκεψη για τις ζημιές από την κακοκαιρία,Θα στηριχθούν άμεσα οι περιοχές που έχουν πληγεί από την έντονη βροχόπτωση των τελευταίων ημερών | Βασίλης Σπανάκης | Κακοκαιρία | Ιωάννινα | Ελλάδα,"In Ioannina, the Deputy Minister of Interior - He will participate in a government meeting on the damage caused by the bad weather. The areas affected by the heavy rainfall of the last few days will be immediately supported Vassilis Spanakis | Bad weather | Ioannina | Greece","In Ioannina, Prorex Minister Interioris - participet regimen conventus in damnis tempestatibus permotus. Areae gravi pluviis his diebus affectae statim Vassilis Spanakis sustinebuntur | Bad weather | Ioannina | Graecia",https://www.protothema.gr/greece/article/1731808/sta-ioannina-o-ufupourgos-esoterikon-tha-summetashei-se-kuvernitiki-suskepsi-gia-tis-zimies-apo-tin-kakokairia/,https://www.protothema.gr/images/640x360share/jpg/files/2025-11-23/spanakis_ioannina.jpg,,"To view this video please enable JavaScript, and consider upgrading to a

 web browser that supports HTML5 video",,,wmo,Greece,MED,Europe
