index,module,topic,color,feed,term,created,country,ratio,counter,pages,language,ipcc,continent
'b94749b467',extremes,Snow&Ice,#d60d2b,wmo,χιόνι στην Ελλάδα,2026-01-20T03:56:00+00:00,Greece,0.5847275450715166,2,1,el,MED,Europe
'81121a2f89',extremes,Thunderstorm,#53785a,wmo,κακοκαιρία Αττική,2026-01-29T04:19:00+00:00,Greece,0.5792596372156161,13,3,el,MED,Europe
'2f02ead0d0',extremes,Thunderstorm,#53785a,wmo,κακοκαιρία δυτική Μακεδονία,2026-01-26T04:09:00+00:00,Greece,0.5756784558689334,5,1,el,MED,Europe
'6b6a4c38b4',extremes,Thunderstorm,#53785a,wmo,έντονα καιρικά φαινόμενα Ήπειρος,2026-02-07T04:19:00+00:00,Greece,0.5736044722830417,2,1,el,MED,Europe
'10a1d9dbe1',extremes,Precipitation,#d60d2b,wmo,βροχόπτωση ελλάδα,2026-01-21T03:56:00+00:00,Greece,0.5577242342733023,4,1,el,MED,Europe
'3d78159313',extremes,Thunderstorm,#53785a,wmo,καταιγίδα ελλάδα,2026-01-21T03:56:00+00:00,Greece,0.5576544517821347,4,2,el,MED,Europe
'6fd5acddee',extremes,Storm,#b3b2b1,wmo,καταιγίδα ελλάδα,2026-01-20T03:56:00+00:00,Greece,0.5468787973011334,4,1,el,MED,Europe
'1ef488ce32',extremes,Precipitation,#d60d2b,wmo,καταρρακτώδης βροχή ήπειρος,2026-02-08T04:43:00+00:00,Greece,0.536201091133314,0,1,el,MED,Europe
'3b5fd3f9c6',extremes,Thunderstorm,#53785a,wmo,έντονα καιρικά φαινόμενα Κύπρος,2026-01-24T03:48:00+00:00,Cyprus,0.5336541797073969,2,1,el,MED,Europe
'80462e91eb',extremes,Tropical Cyclone,#4f4f4f,random,κυκλώνας,2026-01-15T10:56:00+00:00,,0.5278168184601169,2,2,el,,
'9942e2b4c0',extremes,Precipitation,#d60d2b,wmo,βροχή ελλάδα,2026-01-29T04:19:00+00:00,Greece,0.5265025535276063,4,1,el,MED,Europe
'e17ce8f9be',extremes,Snow&Ice,#d60d2b,wmo,παγετός ελλάδα,2026-01-20T03:56:00+00:00,Greece,0.5145273194307504,4,1,el,MED,Europe
'3a67915e02',extremes,Earthquake,#870007,usgs,σεισμός Περού,2026-01-15T10:56:00+00:00,Peru,0.5094293108533172,2,2,el,NWS,South-America
'15a9c61e3e',extremes,Landslide,#572c03,random,κατολίσθηση,2026-01-15T12:13:00+00:00,,0.5049048592438151,2,3,el,,
'fbaa1c52eb',extremes,Drought,#edc291,edo,ξηρασία Κύπρος,2026-01-19T04:03:00+00:00,Cyprus,0.4999148670496181,2,2,el,MED,Europe
'1caafaca2a',extremes,Storm,#b3b2b1,wmo,κύμα καταιγίδας ελλάδα,2026-01-21T03:56:00+00:00,Greece,0.4992686697937049,2,1,el,MED,Europe
'5ea4d45f08',extremes,Tropical Cyclone,#4f4f4f,random,στεριά,2026-01-17T03:44:00+00:00,,0.4967174376177125,3,2,el,,
'5ce15877cd',extremes,Fog,#d60d2b,wmo,ομίχλη ήπειρος,2026-01-23T04:03:00+00:00,Greece,0.49365604720966,2,1,el,MED,Europe
'e4c0eb1729',extremes,Wildfire,#d60d2b,random,πυρκαγιά,2026-01-24T03:48:00+00:00,,0.4919149767802439,2,3,el,,
'7e303c7e63',extremes,Snow Avalanche,#deddd5,random,χιονοστιβάδα χιονιού,2026-01-20T03:55:00+00:00,,0.4916807992448361,2,2,el,,
'47a71b6762',extremes,Thunderstorm,#53785a,wmo,έντονα καιρικά φαινόμενα στην Ελλάδα,2026-01-21T03:56:00+00:00,Greece,0.4903023276388739,7,1,el,MED,Europe
'c316300df0',extremes,Storm,#b3b2b1,wmo,κύμα καταιγίδας ιοννήσια,2026-01-21T03:56:00+00:00,Greece,0.4877565712913632,2,1,el,MED,Europe
'c0ae99f2a9',extremes,Precipitation,#d60d2b,random,έντονη βροχόπτωση,2026-01-25T04:05:00+00:00,,0.487479764581246,4,2,el,,
'648c26f911',extremes,Drought,#edc291,edo,έλλειψη βροχής ελλάδα,2026-01-15T10:57:00+00:00,Greece,0.484741611073992,3,1,el,MED,Europe
'a63515cbd1',extremes,Thunderstorm,#53785a,wmo,καταιγίδα θρακή,2026-02-05T04:27:00+00:00,Greece,0.48369588206073,2,1,el,MED,Europe
'4abd30c9b0',extremes,Storm,#b3b2b1,wmo,καταιγίδα ιοννήσια,2026-01-20T03:56:00+00:00,Greece,0.4834464715440495,2,1,el,MED,Europe
'0a98fdd376',extremes,Snow Avalanche,#deddd5,random,χιονοστιβάδα,2026-01-23T04:02:00+00:00,,0.4814954112882842,2,3,el,,
'4c52e82e04',extremes,Snow&Ice,#d60d2b,wmo,παγωμένη δυτική Πελοπόννησος,2026-01-20T03:56:00+00:00,Greece,0.4775293979464851,2,1,el,MED,Europe
'20c8ca13a3',extremes,Thunderstorm,#53785a,wmo,κακοκαιρία νησιά Δωδεκάνησα,2026-01-27T03:58:00+00:00,Greece,0.4769593940432002,2,2,el,MED,Europe
'31a102c336',extremes,Precipitation,#d60d2b,wmo,καταρρακτώδης βροχή ελλάδα,2026-01-29T04:19:00+00:00,Greece,0.4740329086118166,2,1,el,MED,Europe
'f5584b5068',extremes,Fog,#d60d2b,wmo,ομίχλη δυτική στέρεα,2026-02-03T04:27:00+00:00,Greece,0.4716547344229931,2,1,el,MED,Europe
'3ba62ce4f2',extremes,Earthquake,#870007,usgs,σεισμός ελλάδα,2026-01-15T10:56:00+00:00,Greece,0.4714062364681685,2,2,el,MED,Europe
'f988925370',extremes,Precipitation,#d60d2b,wmo,βροχή ήπειρος,2026-01-21T03:56:00+00:00,Greece,0.4692821799035062,5,1,el,MED,Europe
'62084daeb0',extremes,Earthquake,#870007,random,σεισμός,2026-01-15T10:39:00+00:00,,0.4623258421641465,1,3,el,,
'82abc377db',extremes,Precipitation,#d60d2b,wmo,βροχή ιοννήσια,2026-01-21T03:56:00+00:00,Greece,0.4584495526855864,2,1,el,MED,Europe
'0534a8b2b7',extremes,Storm,#b3b2b1,wmo,καταιγίδα κύμα ήπειρος,2026-01-29T04:19:00+00:00,Greece,0.4577080948452028,2,1,el,MED,Europe
'560b05d603',extremes,Heat Wave,#c40202,random,κύμα καύσωνα,2026-01-18T03:56:00+00:00,,0.4566786592457308,7,1,el,,
'42b71c0645',extremes,Precipitation,#d60d2b,wmo,νεροποντή ελλάδα,2026-01-26T04:09:00+00:00,Greece,0.4558212290781345,3,2,el,MED,Europe
'250323c948',extremes,Thunderstorm,#53785a,wmo,κακοκαιρία σε νησιά βορειοανατολικού Αιγαίου,2026-01-29T04:19:00+00:00,Greece,0.4530337759425594,2,1,el,MED,Europe
'5a944cd51d',extremes,Thunderstorm,#53785a,wmo,χαλάζι δυτική Στερεά,2026-01-29T04:19:00+00:00,Greece,0.4519055685575802,2,1,el,MED,Europe
'b8f9601f46',extremes,Precipitation,#d60d2b,wmo,καταρρακτώδης βροχή ανατολική Μακεδονία,2026-01-21T03:56:00+00:00,Greece,0.450122617373304,2,1,el,MED,Europe
'4afbdf166e',extremes,Storm,#b3b2b1,wmo,κύμα καταιγίδας δυτική Στερεά,2026-01-21T03:56:00+00:00,Greece,0.4486358146381612,2,1,el,MED,Europe
'82e784e253',extremes,Snow&Ice,#d60d2b,wmo,χιόνι θράκι,2026-01-22T03:59:00+00:00,Greece,0.4414383481774823,2,1,el,MED,Europe
'b073fed5b4',extremes,Snow&Ice,#d60d2b,random,παγετός,2026-01-24T03:48:00+00:00,,0.44098048090918,1,3,el,,
'a4e63fa11b',extremes,Snow&Ice,#d60d2b,random,χειμωνιάτικος,2026-01-17T03:44:00+00:00,,0.4394716509580457,3,1,el,,
'c0ea0632ba',extremes,Heat Wave,#c40202,random,θερμότητα,2026-01-15T10:39:00+00:00,,0.4392290329048748,1,2,el,,
'd6b5f4ab3d',extremes,Storm,#b3b2b1,wmo,καταιγίδα δυτική Μακεδονία,2026-01-29T04:19:00+00:00,Greece,0.4378135186157469,2,1,el,MED,Europe
'd7e7f876eb',extremes,Storm,#b3b2b1,wmo,καταιγίδα κρίτη,2026-01-18T03:57:00+00:00,Greece,0.4328032753223412,2,1,el,MED,Europe
'de3b36bacb',extremes,Thunderstorm,#53785a,random,έντονα καιρικά φαινόμενα,2026-01-20T03:55:00+00:00,,0.4311515933409036,3,2,el,,
'4130a75ccf',extremes,Thunderstorm,#53785a,wmo,χαλάζι ελλάδα,2026-01-21T03:56:00+00:00,Greece,0.430814020692523,2,1,el,MED,Europe
'776fe47817',extremes,Wildfire,#d60d2b,random,πυρκαγιά,2026-01-17T03:44:00+00:00,,0.4291934670415915,1,3,el,,
'845dd2d698',extremes,Storm,#b3b2b1,random,ανεμοστρόβιλος,2026-01-17T03:44:00+00:00,,0.4283313173314595,1,2,el,,
'4d9577e33d',extremes,Volcano,#b83202,random,ηφαίστειο,2026-02-06T04:27:00+00:00,,0.4260434249075616,1,2,el,,
'20741ce7eb',extremes,Tsunami,#690191,random,τσουνάμι,2026-01-15T10:39:00+00:00,,0.4248558168315364,2,1,el,,
'c3d0e3b068',extremes,Snow&Ice,#d60d2b,random,πάγωμα,2026-01-22T03:59:00+00:00,,0.4243018422615738,1,2,el,,
'82d648b882',extremes,Drought,#edc291,random,ξηρασία,2026-01-15T10:39:00+00:00,,0.4212458705493016,3,1,el,,
'3d7c05e35a',extremes,Precipitation,#d60d2b,wmo,καταρρακτώδης βροχή νησιά Δωδεκάνησα,2026-01-26T04:09:00+00:00,Greece,0.4201600790321505,2,1,el,MED,Europe
'dfbbaf13dc',extremes,Precipitation,#d60d2b,wmo,βροχή θεσσαλία,2026-02-01T04:41:00+00:00,Greece,0.419964728182051,2,1,el,MED,Europe
'c585cfd7db',extremes,Thunderstorm,#53785a,wmo,κακοκαιρία ανατολική Πελοπόννησος,2026-01-23T04:03:00+00:00,Greece,0.418036830167431,3,1,el,MED,Europe
'41b02b5f99',extremes,Precipitation,#d60d2b,wmo,νεροποντή ανατολική στερεά amp Εύβοια,2026-01-29T04:19:00+00:00,Greece,0.4176896297409077,2,1,el,MED,Europe
'9365e99d90',extremes,Thunderstorm,#53785a,wmo,χαλάζι Δωδεκάνησα,2026-01-22T03:59:00+00:00,Greece,0.4163678622691615,3,1,el,MED,Europe
'3e4b341619',extremes,Storm,#b3b2b1,random,καταιγίδα,2026-01-20T03:55:00+00:00,,0.4162632445657144,1,3,el,,
'a3643d64b0',extremes,Storm,#b3b2b1,wmo,καταιγίδα νησιά Δωδεκάνησα,2026-02-05T04:27:00+00:00,Greece,0.4160891265146904,3,1,el,MED,Europe
'8261c5af16',extremes,Thunderstorm,#53785a,wmo,καταιγίδα Κυκλάδες,2026-01-23T04:03:00+00:00,Greece,0.4145453341458994,3,1,el,MED,Europe
'dcbdfbc685',extremes,Precipitation,#d60d2b,wmo,βροχόπτωση δυτική sterea,2026-01-28T03:56:00+00:00,Greece,0.4138026347065798,2,1,el,MED,Europe
'c58f3e6e04',extremes,Fog,#d60d2b,wmo,ομίχλη κεντρική μακεδονία,2026-02-03T04:27:00+00:00,Greece,0.4127835158373201,3,1,el,MED,Europe
'1ce1cfc375',extremes,Storm,#b3b2b1,wmo,καταιγίδα θρακή,2026-01-29T04:19:00+00:00,Greece,0.4124660854745686,2,1,el,MED,Europe
'cb43c2bb0b',extremes,Heat Wave,#c40202,random,η θερμότερη χρονιά,2026-01-29T04:18:00+00:00,,0.4123432885211062,2,1,el,,
'b4cd8bfe1e',extremes,ice jam,#d60d2b,random,πλημμύρα,2026-01-23T04:02:00+00:00,,0.4116278911740915,2,1,el,,
'f8289b9d41',extremes,Snow&Ice,#d60d2b,wmo,χιόνι δυτική Στερεά,2026-01-21T03:56:00+00:00,Greece,0.4106223985778702,3,1,el,MED,Europe
'ee302d9d2d',extremes,Storm,#b3b2b1,wmo,καταιγίδα ανατολική sterea evvoia,2026-01-21T03:56:00+00:00,Greece,0.4080137593900104,3,1,el,MED,Europe
'363ce72927',extremes,Drought,#edc291,edo,ξηρασία αλβανία,2026-01-15T12:14:00+00:00,Albania,0.4050450453017997,2,1,el,MED,Europe
'f9a3abc8c2',extremes,Landslide,#572c03,random,λάσπη,2026-01-17T03:44:00+00:00,,0.4049683019423837,1,2,el,,
'c3eac47bb6',extremes,Storm,#b3b2b1,wmo,καταιγίδα ανατολική Πελοπόννησος,2026-01-20T03:56:00+00:00,Greece,0.4049655730183657,3,1,el,MED,Europe
'42bb302a57',extremes,Precipitation,#d60d2b,wmo,βροχόπτωση ανατολική Πελοπόννησος,2026-01-21T03:56:00+00:00,Greece,0.4038495393781135,3,1,el,MED,Europe
'67b98d4b49',extremes,Precipitation,#d60d2b,wmo,κατακρήμνιση ήπειρος,2026-02-07T04:19:00+00:00,Greece,0.4014822389629036,2,1,el,MED,Europe
'c4f95855f2',extremes,Precipitation,#d60d2b,wmo,βροχόπτωση ανατολική Μακεδονία,2026-01-30T04:21:00+00:00,Greece,0.4012706835776979,2,1,el,MED,Europe
'dfc27fa2c9',extremes,Thunderstorm,#53785a,wmo,χαλάζι σε νησιά βορειοανατολικού Αιγαίου,2026-01-23T04:03:00+00:00,Greece,0.4009611663111621,3,1,el,MED,Europe
'600a7f3883',extremes,Precipitation,#d60d2b,wmo,βροχή θρακή,2026-02-02T04:36:00+00:00,Greece,0.397784555533833,2,1,el,MED,Europe
'6e109815e7',extremes,Precipitation,#d60d2b,wmo,βροχόπτωση κεντρική μακεδονία,2026-01-21T03:56:00+00:00,Greece,0.3970200969201675,2,1,el,MED,Europe
'7aabe0271d',extremes,Thunderstorm,#53785a,wmo,καταιγίδα δυτική Πελοπόννησος,2026-02-01T04:41:00+00:00,Greece,0.3950644099130832,3,1,el,MED,Europe
'cd17ecbc9b',extremes,Storm,#b3b2b1,wmo,καταιγίδα νησιά βορειοανατολικού Αιγαίου,2026-01-22T03:59:00+00:00,Greece,0.3947454444039914,3,1,el,MED,Europe
'923977770d',extremes,Precipitation,#d60d2b,wmo,βροχή κρίτι,2026-01-21T03:56:00+00:00,Greece,0.3944068560013593,3,1,el,MED,Europe
'7fbbf3063b',extremes,Storm,#b3b2b1,wmo,κύμα καταιγίδας νησιά βορειοανατολικού Αιγαίου,2026-01-21T03:56:00+00:00,Greece,0.3937638231579261,3,1,el,MED,Europe
'859043b732',extremes,Thunderstorm,#53785a,wmo,καταιγίδα νησιά βορειοανατολικού Αιγαίου,2026-01-22T03:59:00+00:00,Greece,0.3933425863773631,2,1,el,MED,Europe
'ef54296dab',extremes,Snow&Ice,#d60d2b,random,πάγος,2026-01-23T04:02:00+00:00,,0.3925720767823233,2,1,el,,
'43d8582040',extremes,Storm,#b3b2b1,wmo,κύμα καταιγίδας ανατολική Μακεδονία,2026-01-26T04:09:00+00:00,Greece,0.3920864627106854,3,1,el,MED,Europe
'08979c65d6',extremes,Snow&Ice,#d60d2b,wmo,παγωμένη Ελλάδα,2026-01-20T03:56:00+00:00,Greece,0.3905128168566312,6,1,el,MED,Europe
'491cc61ca3',extremes,Drought,#edc291,edo,ξηρασία ελλάδα,2026-01-22T04:00:00+00:00,Greece,0.3904289563929709,2,2,el,MED,Europe
'242402785d',extremes,Thunderstorm,#53785a,wmo,καταιγίδα κεντρική μακεδονία,2026-01-29T04:19:00+00:00,Greece,0.3883466265396064,3,1,el,MED,Europe
'1405131905',extremes,Thunderstorm,#53785a,random,χαλάζι,2026-01-22T03:59:00+00:00,,0.3882249425847019,1,3,el,,
'9f24fe143e',extremes,Precipitation,#d60d2b,wmo,καταρρακτώδης βροχή ιόν νησιά,2026-02-07T04:19:00+00:00,Greece,0.3881312948126688,2,1,el,MED,Europe
'3662ca4c1e',extremes,Thunderstorm,#53785a,wmo,έντονα καιρικά φαινόμενα δυτική Πελοπόννησος,2026-01-29T04:19:00+00:00,Greece,0.3858363352181742,3,1,el,MED,Europe
'db5f39549c',extremes,Earthquake,#870007,usgs,σεισμός Ινδονησία,2026-01-15T10:56:00+00:00,Indonesia,0.3849196650281653,1,2,el,SEA,Asia
'6cd3a5393b',extremes,Storm,#b3b2b1,wmo,κύμα καταιγίδας δυτική Πελοπόννησος,2026-01-26T04:09:00+00:00,Greece,0.384612909199315,3,1,el,MED,Europe
'cbb1b9d52b',extremes,Precipitation,#d60d2b,wmo,νεροποντή νησιά Δωδεκάνησα,2026-01-22T03:59:00+00:00,Greece,0.3832725154368062,3,1,el,MED,Europe
'ff620d191d',extremes,Storm,#b3b2b1,wmo,καταιγίδα κεντρική Μακεδονία,2026-01-21T03:56:00+00:00,Greece,0.3827129508130175,3,1,el,MED,Europe
'f685d1f47f',extremes,Drought,#edc291,edo,ξηρασία Κύπρος,2026-01-15T10:57:00+00:00,Cyprus,0.3811209486842364,3,1,el,MED,Europe
'3dcf00005f',extremes,Drought,#edc291,edo,ξηρασία ελλάδα,2026-01-15T12:14:00+00:00,Greece,0.3798952512531855,3,1,el,MED,Europe
'ba70aff664',extremes,Storm,#b3b2b1,wmo,καταιγίδα Κυκλάδες,2026-01-26T04:09:00+00:00,Greece,0.3766578547762791,3,1,el,MED,Europe
'edd8cedd5a',extremes,Storm,#b3b2b1,wmo,καταιγίδα κρήτι,2026-01-23T04:03:00+00:00,Greece,0.3765870348996802,3,1,el,MED,Europe
'8a1a9038c3',extremes,Storm,#b3b2b1,random,χιονοθύελλα,2026-01-15T10:56:00+00:00,,0.3750338752747166,1,2,el,,
'4c8bd3e4d4',extremes,Insect Infestation,#d60d2b,random,ακρίδες,2026-01-15T10:56:00+00:00,,0.3747202736704515,2,1,el,,
'dc5bf960b0',extremes,Snow&Ice,#d60d2b,random,χιονοθύελλα,2026-01-15T10:39:00+00:00,,0.3732910268777968,2,1,el,,
'58a2a6944e',extremes,Storm,#b3b2b1,wmo,καταιγίδα ανατολική Πελοπόννησος,2026-01-18T03:57:00+00:00,Greece,0.3726100695252348,3,1,el,MED,Europe
'ce37661cdd',extremes,Cold Wave,#a7e9fa,random,η πιο κρύα μέρα,2026-01-15T10:56:00+00:00,,0.3699294425324122,2,1,el,,
'6b7e025bb3',extremes,Storm,#b3b2b1,random,ανεμοστρόβιλος,2026-01-15T10:56:00+00:00,,0.3692938979395729,2,1,el,,
'af3396aaaf',extremes,Drought,#edc291,edo,ξηρασία Ελλάδα,2026-01-17T03:44:00+00:00,Greece,0.3677869719719949,2,1,el,MED,Europe
'3571497756',extremes,Precipitation,#d60d2b,wmo,βροχή νησιά Δωδεκάνησα,2026-01-30T04:21:00+00:00,Greece,0.3666130045598791,2,1,el,MED,Europe
'699bcc53a3',extremes,Thunderstorm,#53785a,wmo,καταιγίδα θεσσαλία,2026-01-29T04:19:00+00:00,Greece,0.3649343538213757,3,1,el,MED,Europe
'e2e59c70ac',extremes,Precipitation,#d60d2b,wmo,νεροποντή κεντρική Μακεδονία,2026-02-01T04:41:00+00:00,Greece,0.3612042108139239,3,1,el,MED,Europe
'8548c83b4d',extremes,Precipitation,#d60d2b,wmo,κατακρήμνιση θρακή,2026-01-30T04:21:00+00:00,Greece,0.3611611188752753,2,1,el,MED,Europe
'ea1c03418f',extremes,Snow&Ice,#d60d2b,random,χιονόνερο,2026-01-15T12:13:00+00:00,,0.3600619029322247,4,1,el,,
'23ad2bb822',extremes,Earthquake,#870007,usgs,σεισμός Ρωσία,2026-01-15T10:56:00+00:00,Russia,0.3587025736856117,2,1,el,EAS,Asia
'c685705bbd',extremes,Earthquake,#870007,usgs,σεισμός Κίνα,2026-01-15T10:56:00+00:00,China,0.3586632360312409,2,1,el,EAS,Asia
'997a2e2157',extremes,Earthquake,#870007,usgs,σεισμός Αργεντινή,2026-01-15T10:56:00+00:00,Argentina,0.3586225408497243,2,1,el,SWS,South-America
'5375aba0f4',extremes,Precipitation,#d60d2b,wmo,βροχόπτωση νησιά βορειοανατολικού Αιγαίου,2026-01-29T04:19:00+00:00,Greece,0.3537220559257008,3,1,el,MED,Europe
'cd28fc481a',extremes,Fog,#d60d2b,wmo,ομίχλη ελλάδα,2026-01-23T04:03:00+00:00,Greece,0.3514444417581213,4,1,el,MED,Europe
'1368a0b03f',extremes,Storm,#b3b2b1,wmo,κύμα καταιγίδας θεσσαλία,2026-01-21T03:56:00+00:00,Greece,0.3508767379490825,4,1,el,MED,Europe
'52af874334',extremes,Drought,#edc291,random,ξηρασία,2026-01-21T03:55:00+00:00,,0.3492744637966942,2,1,el,,
'3d4dbc8c3b',extremes,Precipitation,#d60d2b,random,δυνατή βροχή,2026-01-17T03:44:00+00:00,,0.3472741072244846,3,1,el,,
'f5d9e5945c',extremes,Earthquake,#870007,usgs,σεισμός λιθακιά,2026-01-29T04:18:00+00:00,Greece,0.3398798615064011,2,1,el,MED,Europe
'2e5aaff2a9',extremes,Precipitation,#d60d2b,wmo,βροχή δυτική Στερεά,2026-02-07T04:19:00+00:00,Greece,0.3347391090963943,2,1,el,MED,Europe
'469687aa19',extremes,Drought,#edc291,edo,έλλειψη βροχής Αλβανία,2026-01-17T03:44:00+00:00,Albania,0.3281197796965671,2,1,el,MED,Europe
'9797aa6299',extremes,Drought,#edc291,edo,έλλειψη βροχής Κύπρος,2026-01-24T03:49:00+00:00,Cyprus,0.3175507139274596,2,1,el,MED,Europe
'e921e2b0b7',extremes,Flood,#030ba1,aidr,πλημμύρες σοβαρές πλημμύρες από τον πρώην τροπικό κυκλώνα Tiffany Νότια Αυστραλία 2022,2026-02-08T04:44:00+00:00,Australia,0.3157225988168198,0,1,el,SAU,Oceania
'd9e53070b4',extremes,Flood,#030ba1,aidr,flood mackay Queensland 2008,2026-01-20T03:57:00+00:00,,0.3134301733095393,0,1,el,EAU,Oceania
'3336c980ab',extremes,Earthquake,#870007,usgs,σεισμός αγία ελένη,2026-01-21T03:55:00+00:00,Saint Helena,0.31341237526365134,0,1,el,EAO,Atlantic Ocean
'06972a2776',extremes,Flood,#030ba1,acwe,αστραπιαία πλημμύρα Νέα Νότια Ουαλία,2026-01-31T04:17:00+00:00,Australia,0.31305996242973777,0,1,el,EAU,Oceania
'42f9f7020d',extremes,Heat Wave,#c40202,acwe,θερμό ξόρκι Νέα Νότια Ουαλία,2026-02-02T04:37:00+00:00,Australia,0.31238760952474887,0,1,el,EAU,Oceania
'521b639732',extremes,Tropical Cyclone,#4f4f4f,aidr,κυκλώνας Όσβαλντ Κουίνσλαντ Νέα Νότια Ουαλία 2013,2026-02-05T04:28:00+00:00,Australia,0.3123106631925409,0,1,el,NAU,Oceania
'd5d7a11479',extremes,Drought,#edc291,edo,ξηρασία Κύπρος,2026-01-22T04:00:00+00:00,Cyprus,0.3089080864073801,2,1,el,MED,Europe
'60a5373b45',extremes,Earthquake,#870007,usgs,σεισμός Κύθηρα,2026-01-15T10:56:00+00:00,Greece,0.306198490936893,2,1,el,MED,Europe
'10f476720b',extremes,Insect Infestation,#d60d2b,random,ακρίδα,2026-01-26T04:08:00+00:00,,0.2962304529413387,2,1,el,,
'0b8f5a0e51',extremes,Iceberg,#d60d2b,random,παγόβουνο Ανταρκτική,2026-01-18T03:56:00+00:00,,0.2961872775454394,2,1,el,,
'1c38b19449',extremes,Storm,#b3b2b1,random,μπολ σκόνης,2026-01-15T10:39:00+00:00,,0.2961787287170416,2,1,el,,
'3fa143a609',extremes,Storm,#b3b2b1,random,χιονοθύελλα σκόνης,2026-01-15T10:39:00+00:00,,0.2961532462215662,2,1,el,,
'e0f14a84be',extremes,Tropical Cyclone,#4f4f4f,random,εθνικό κέντρο τυφώνων,2026-01-15T10:39:00+00:00,,0.2954448205880036,2,1,el,,
'7a3d1676da',extremes,Earthquake,#870007,usgs,σεισμός Φιλιππίνες,2026-01-15T10:56:00+00:00,Philippines,0.2949528030113371,2,1,el,SEA,Asia
'4eacc4be33',extremes,Earthquake,#870007,usgs,σεισμός domokós,2026-01-17T03:44:00+00:00,Greece,0.2913993701711294,2,1,el,MED,Europe
'c4f1f0cbf9',extremes,Iceberg,#d60d2b,random,iceberg arctis,2026-01-21T03:55:00+00:00,,0.2871858216040775,2,1,el,,
'f8a513bf41',extremes,Tropical Cyclone,#4f4f4f,random,medicane,2026-01-22T03:59:00+00:00,,0.2858674051481075,2,1,el,,
'5b8cf400f9',extremes,Iceberg,#d60d2b,random,iceberg caving,2026-01-19T04:02:00+00:00,,0.2846475200012531,2,1,el,,
'1d33bbdbbe',extremes,Snow&Ice,#d60d2b,random,φυσώντας χιόνι,2026-02-07T04:19:00+00:00,,0.2814857548346269,2,1,el,,
'c948617fef',extremes,Heat Wave,#c40202,random,ακραία έκθεση στη ζέστη,2026-02-06T04:27:00+00:00,,0.2784914258999234,2,1,el,,
'95b2881221',extremes,Precipitation,#d60d2b,random,ατμοσφαιρικός ποταμός,2026-02-06T04:27:00+00:00,,0.2756862282087829,2,1,el,,
'ab90cfcdd4',extremes,Drought,#edc291,edo,ξηρασία Αλβανία,2026-01-21T03:56:00+00:00,Albania,0.2755866458952066,2,1,el,MED,Europe
'633ed59c63',extremes,Iceberg,#d60d2b,random,πάγος της Αρκτικής θάλασσας,2026-02-07T04:19:00+00:00,,0.2743504169833733,2,1,el,,
'45500dcb47',extremes,Precipitation,#d60d2b,random,ρεκόρ βροχοπτώσεων,2026-01-27T03:58:00+00:00,,0.2737721157248618,2,1,el,,
'b24c0517bf',extremes,Cold Wave,#a7e9fa,random,βυθίσεις υδραργύρου,2026-01-22T03:59:00+00:00,,0.2721786185109417,2,1,el,,
'a241cba1ba',extremes,Volcano,#b83202,eonet,άμβρυμο ηφαίστειο Βανουάτου,2026-01-15T10:56:00+00:00,Vanuatu,0.271990453362115,1,1,el,SPO,Oceania
'6bad2a8cbc',extremes,Earthquake,#870007,usgs,σεισμός san agustín de valle fértil,2026-01-15T12:13:00+00:00,Argentina,0.2718757205905468,2,1,el,SES,South-America
'464d595634',extremes,Earthquake,#870007,usgs,σεισμός camiña,2026-01-15T12:13:00+00:00,Chile,0.2718665057849666,1,1,el,SWS,South-America
'018b9ccc96',extremes,Earthquake,#870007,usgs,σεισμός περιοχή επανένωσης του Μαυρίκιου,2026-01-15T10:56:00+00:00,,0.2718662773241356,1,1,el,SIO,Indian Ocean
'4d51911b1d',extremes,Earthquake,#870007,usgs,σεισμός σόλα,2026-01-15T10:56:00+00:00,Vanuatu,0.2718575484724872,1,1,el,SPO,Pacific Ocean
'6b1cc9478a',extremes,Earthquake,#870007,usgs,σεισμός μαμπαρούμα,2026-01-15T10:56:00+00:00,Guyana,0.271855897429081,1,1,el,NSA,South-America
'2617cc6cc9',extremes,Earthquake,#870007,usgs,σεισμός Νέα Ζηλανδία,2026-01-15T10:56:00+00:00,New Zealand,0.2718520640906192,1,1,el,NZ,Oceania
'072f41af80',extremes,Earthquake,#870007,usgs,σεισμός aratoca,2026-01-15T10:56:00+00:00,Colombia,0.2718445019598915,1,1,el,NWS,South-America
'01e4b0cc71',extremes,Earthquake,#870007,usgs,σεισμός kuril’sk,2026-01-15T10:56:00+00:00,Russia,0.2718391678463759,1,1,el,EAS,Asia
'f8fc7b9a8d',extremes,Tsunami,#690191,usgs,τσουνάμι γιακουτάτ,2026-01-15T10:56:00+00:00,Canada,0.2718373713672196,1,1,el,NWN,North-America
'e551102071',extremes,Earthquake,#870007,usgs,σεισμός Βανουάτου,2026-01-15T10:56:00+00:00,Vanuatu,0.2718364448910137,1,1,el,SPO,Pacific Ocean
'f5e86f8f49',extremes,Earthquake,#870007,usgs,σεισμός Σαν Μιγκέλ,2026-01-15T10:56:00+00:00,Ecuador,0.2718355863827519,1,1,el,NWS,South-America
'e6998a615e',extremes,Earthquake,#870007,usgs,σεισμός murghob,2026-01-15T12:13:00+00:00,Tajikistan,0.2718342128109323,1,1,el,WCA,Asia
'70773b5956',extremes,Earthquake,#870007,usgs,σεισμός αλάσκα,2026-01-15T10:56:00+00:00,Alaska,0.27183145568297,1,1,el,NWN,North-America
'4594f1a372',extremes,Earthquake,#870007,usgs,σεισμός Ιράν,2026-01-15T10:56:00+00:00,Iran,0.2718249744588121,1,1,el,WCA,Asia
'db2a276fc1',extremes,Earthquake,#870007,usgs,σεισμός aisen,2026-01-15T12:13:00+00:00,Chile,0.2718245100313835,1,1,el,SWS,South-America
'7e7895dc7a',extremes,Earthquake,#870007,usgs,σεισμός Τατζικιστάν,2026-01-15T10:56:00+00:00,Tajikistan,0.2718240888930743,1,1,el,WCA,Asia
'85a135fac3',extremes,Earthquake,#870007,usgs,σεισμός ozernovskiy,2026-01-15T10:56:00+00:00,Russia,0.2718194811024073,1,1,el,RFE,Asia
'f7921ef009',extremes,Earthquake,#870007,usgs,σεισμός vilyuchinsk,2026-01-15T10:56:00+00:00,Russia,0.2718074862869507,1,1,el,RFE,Asia
'1133ce1349',extremes,Earthquake,#870007,usgs,σεισμός Κόστα Ρίκα,2026-01-15T12:13:00+00:00,Costa Rica,0.2718070965431488,1,1,el,SCA,South-America
'6bf5e2061d',extremes,Earthquake,#870007,usgs,σεισμός κάστρο,2026-01-15T10:56:00+00:00,New Zealand,0.271805689718999,1,1,el,NZ,Oceania
'edcb89e9c3',extremes,Earthquake,#870007,usgs,σεισμός Παπούα Νέα Γουινέα,2026-01-15T10:56:00+00:00,Papua New Guinea,0.2717999965031588,1,1,el,SEA,Asia
'7d79b2a1fb',extremes,Earthquake,#870007,usgs,σεισμός kencong,2026-01-15T12:13:00+00:00,Indonesia,0.2717905854242224,1,1,el,NAU,Oceania
'3e797c4058',extremes,Earthquake,#870007,usgs,σεισμός Φίτζι,2026-01-15T10:56:00+00:00,Fiji,0.271786553932886,1,1,el,SPO,Pacific Ocean
'29aa7b93c5',extremes,Earthquake,#870007,usgs,σεισμός νότια των νησιών Φίτζι,2026-01-15T10:56:00+00:00,,0.2717842689735463,1,1,el,SPO,Pacific Ocean
'8bf8909453',extremes,Earthquake,#870007,usgs,σεισμός λεβούκα,2026-01-15T10:56:00+00:00,Fiji,0.2717782180491243,1,1,el,SPO,Pacific Ocean
'2fa9116266',extremes,Earthquake,#870007,usgs,σεισμός λιμάνι Άλσγουορθ,2026-01-15T12:13:00+00:00,United States,0.2717739625015415,1,1,el,NWN,North-America
'b0d647e9d3',extremes,Earthquake,#870007,usgs,σεισμός νοτιοανατολική ινδική κορυφογραμμή,2026-01-15T10:56:00+00:00,,0.2717730887011241,1,1,el,SOO,Antarctica
'0f6b56852d',extremes,Earthquake,#870007,usgs,σεισμός baculin,2026-01-15T10:56:00+00:00,Philippines,0.2717712069553181,1,1,el,SEA,Asia
'80f83e2f4e',extremes,Earthquake,#870007,usgs,σεισμός Βολιβία,2026-01-15T12:13:00+00:00,Bolivia,0.2717690503530537,1,1,el,SES,South-America
'c797f587a9',extremes,Flood,#030ba1,aidr,πλημμύρα boonah Queensland,2026-01-15T10:57:00+00:00,Australia,0.2717683105545679,1,1,el,EAU,Oceania
'90e6558608',extremes,Earthquake,#870007,usgs,σεισμός νότια μεσοατλαντική κορυφογραμμή,2026-01-15T10:56:00+00:00,,0.2717570180651828,1,1,el,SAO,Atlantic Ocean
'ad41fee440',extremes,Earthquake,#870007,usgs,σεισμός λατά,2026-01-15T10:56:00+00:00,Solomon Islands,0.2717568001644146,2,1,el,SPO,Oceania
'8abf2def70',extremes,Earthquake,#870007,usgs,σεισμός ηφαίστειο νησιά περιοχή Ιαπωνία,2026-01-15T10:56:00+00:00,,0.2717453603152907,1,1,el,NPO,Pacific Ocean
'5bf34f285a',extremes,Earthquake,#870007,usgs,σεισμός Ιταλία,2026-01-15T10:56:00+00:00,Italy,0.2717437936253051,1,1,el,MED,Europe
'505a53d28b',extremes,Earthquake,#870007,usgs,σεισμός λιμενική βίλα,2026-01-15T10:56:00+00:00,Vanuatu,0.271741158270721,1,1,el,SPO,Oceania
'ba6e07a583',extremes,Storm,#b3b2b1,emdat,καταιγίδα al Hasakeh κυβερνήτες,2026-01-15T10:57:00+00:00,Syria,0.2717310539086509,1,1,el,MED,Asia
'95694d19cf',extremes,Earthquake,#870007,usgs,σεισμός Υεμένη,2026-01-15T12:13:00+00:00,Yemen,0.2717267749855215,1,1,el,NEAF,Africa
'5484f48de4',extremes,Earthquake,#870007,usgs,σεισμός μέσα στην ινδική κορυφογραμμή,2026-01-15T10:56:00+00:00,,0.2717248220686753,1,1,el,SIO,Indian Ocean
'f200ff28aa',extremes,Earthquake,#870007,usgs,σεισμός Ηνωμένες Πολιτείες,2026-01-15T10:56:00+00:00,United States,0.2717228865411429,1,1,el,WNA,North-America
'e98c9b3f42',extremes,Earthquake,#870007,usgs,σεισμός drake πέρασμα,2026-01-15T10:56:00+00:00,,0.2717202890619044,1,1,el,SOO,Antarctica
'6ff5caa4ff',extremes,Earthquake,#870007,usgs,σεισμός άτκα,2026-01-15T10:56:00+00:00,Alaska,0.271719060023959,1,1,el,NPO,Pacific Ocean
'8b5b4c9d3b',extremes,Earthquake,#870007,usgs,σεισμός puerto santa,2026-01-15T10:56:00+00:00,Peru,0.271715167010741,1,1,el,NWS,South-America
'37af8de5d1',extremes,Earthquake,#870007,usgs,σεισμός περιοχή του νησιού του Πάσχα,2026-01-15T10:56:00+00:00,,0.2717115728130244,1,1,el,SPO,Pacific Ocean
'd1b76ff32a',extremes,Earthquake,#870007,usgs,σεισμός miyako,2026-01-15T10:56:00+00:00,Japan,0.271711311356893,1,1,el,EAS,Asia
'53e17b7a15',extremes,Earthquake,#870007,usgs,σεισμός χούμα,2026-01-15T10:56:00+00:00,Tonga,0.271699611597642,1,1,el,SPO,Pacific Ocean
'27bfeaeef2',extremes,Earthquake,#870007,usgs,σεισμός νησιά Κουρίλ,2026-01-15T10:56:00+00:00,,0.2716937364745184,1,1,el,RFE,Asia
'2407b3a8ab',extremes,Drought,#edc291,edo,ξηρότητα μπουρούντι,2026-01-15T10:57:00+00:00,Burundi,0.2716919451404975,1,1,el,SEAF,Africa
'485794e3d4',extremes,Earthquake,#870007,usgs,σεισμός Καναδάς,2026-01-15T12:13:00+00:00,Canada,0.2716918559586505,1,1,el,NWN,North-America
'526ac614cf',extremes,Earthquake,#870007,usgs,σεισμός saint marie,2026-01-15T12:13:00+00:00,Martinique,0.271687255018003,1,1,el,CAR,North-America
'731557e0bc',extremes,Earthquake,#870007,usgs,σεισμός Τιμόρ,2026-01-15T10:56:00+00:00,Timor Leste,0.2716806369849336,1,1,el,SEA,Asia
'7d68920b56',extremes,Earthquake,#870007,usgs,σεισμός Νικαράγουα,2026-01-15T10:56:00+00:00,Nicaragua,0.271666800542253,1,1,el,SCA,North-America
'1f343ea703',extremes,Earthquake,#870007,usgs,σεισμός doğanyol,2026-01-15T12:13:00+00:00,Turkey,0.2716552696983159,1,1,el,MED,Asia
'eabe6169ab',extremes,Earthquake,#870007,usgs,σεισμός τόνγκα,2026-01-15T10:56:00+00:00,Tonga,0.2716416089773169,1,1,el,SPO,Pacific Ocean
'f199635353',extremes,Earthquake,#870007,usgs,σεισμός morgaon,2026-01-15T10:56:00+00:00,India,0.2716390553055358,1,1,el,SAS,Asia
'c42e3feacc',extremes,Earthquake,#870007,usgs,σεισμός βορειοδυτικά των νήσων Κουρίλ,2026-01-15T10:56:00+00:00,,0.2716334907363343,1,1,el,RFE,Asia
'f6ff301646',extremes,Drought,#edc291,edo,ξηρασία Σομαλία,2026-01-15T10:57:00+00:00,Somalia,0.2716307595277647,1,1,el,NEAF,Africa
'd9cc56f031',extremes,Drought,#edc291,edo,ξηρασία Τατζικιστάν,2026-01-15T10:57:00+00:00,Tajikistan,0.2716294396510521,2,1,el,WCA,Asia
'cce4634973',extremes,Drought,#edc291,edo,ξηρασία Κένυα,2026-01-15T10:57:00+00:00,Kenya,0.2716113264276814,1,1,el,SEAF,Africa
'08226562a9',extremes,Earthquake,#870007,usgs,σεισμός fais,2026-01-15T10:56:00+00:00,Micronesia,0.2716085395687398,1,1,el,NPO,Pacific Ocean
'43540d11be',extremes,Earthquake,#870007,usgs,σεισμός akkeshi,2026-01-15T10:56:00+00:00,Japan,0.2716056354175713,1,1,el,EAS,Asia
'74236bd182',extremes,Drought,#edc291,edo,έλλειψη βροχής Ισλανδία,2026-01-15T10:57:00+00:00,Iceland,0.2716006499109582,1,1,el,GIC,Europe
'40a849aef3',extremes,Earthquake,#870007,usgs,σεισμός zhaotong,2026-01-15T12:13:00+00:00,China,0.2715840831651339,1,1,el,EAS,Asia
'982d97b8ec',extremes,Earthquake,#870007,usgs,σεισμός susanville,2026-01-15T12:13:00+00:00,United States,0.2715730770590041,1,1,el,WNA,North-America
'a6144d1f04',extremes,Earthquake,#870007,usgs,σεισμός νησιά αρουραίων αλεύτιων νησιών Αλάσκα,2026-01-15T10:56:00+00:00,,0.2715718629615182,1,1,el,NPO,Pacific Ocean
'f986f74559',extremes,Earthquake,#870007,usgs,σεισμός yonakuni,2026-01-15T10:56:00+00:00,Japan,0.2715646409960104,1,1,el,EAS,Asia
'0e39632695',extremes,Drought,#edc291,edo,έλλειψη βροχής Ιράν,2026-01-15T10:57:00+00:00,Iran,0.2715527142396545,1,1,el,WCA,Asia
'e1559df16c',extremes,Earthquake,#870007,usgs,σεισμός τομπέλο,2026-01-15T10:56:00+00:00,Indonesia,0.2715490218743391,1,1,el,SEA,Asia
'c29a12e099',extremes,Earthquake,#870007,usgs,σεισμός san vicente de cañete,2026-01-15T12:13:00+00:00,Peru,0.2715416777646466,1,1,el,NWS,South-America
'958e326b08',extremes,Earthquake,#870007,usgs,σεισμός νησιά Μπονίν περιοχή Ιαπωνία,2026-01-15T10:56:00+00:00,,0.2715410952954409,1,1,el,NPO,Pacific Ocean
'c25ecb1005',extremes,Earthquake,#870007,usgs,σεισμός yilan,2026-01-15T10:56:00+00:00,Taiwan,0.2715366301428277,1,1,el,EAS,Asia
'0ca87424f0',extremes,Drought,#edc291,edo,ξηρασία Μαρόκο,2026-01-15T10:57:00+00:00,Morocco,0.2715361379186661,1,1,el,MED,Africa
'34799f2163',extremes,Drought,#edc291,edo,"ξηρασία, δημοκρατία του Κονγκό",2026-01-15T10:57:00+00:00,Republic of the Congo,0.2715338497738099,1,1,el,CAF,Africa
'eb91bf9344',extremes,Earthquake,#870007,usgs,σεισμός νότια των νησιών Kermadec,2026-01-15T10:56:00+00:00,,0.2715268865248685,1,1,el,SPO,Pacific Ocean
'bef1a25283',extremes,Drought,#edc291,edo,ξηροκαιρία Συρία,2026-01-15T10:57:00+00:00,Syria,0.2715241383175806,1,1,el,MED,Asia
'1c9dc747da',extremes,Drought,#edc291,edo,έλλειψη βροχής Κούβα,2026-01-15T10:57:00+00:00,Cuba,0.2715229193890015,1,1,el,CAR,North-America
'16348a6786',extremes,Drought,#edc291,edo,ξηρασία Τυνησία,2026-01-15T10:57:00+00:00,Tunisia,0.2715226301443713,1,1,el,MED,Africa
'a627698ed3',extremes,Earthquake,#870007,usgs,σεισμός Σαντιάγο,2026-01-15T10:56:00+00:00,Philippines,0.2715187413374373,1,1,el,SEA,Asia
'b9418001ff',extremes,Earthquake,#870007,usgs,σεισμός δαγκώνω,2026-01-15T10:56:00+00:00,Indonesia,0.2715185884509042,1,1,el,SEA,Asia
'ebe3f8a23f',extremes,Drought,#edc291,edo,έλλειψη βροχής κιριμπάτι,2026-01-15T10:57:00+00:00,Kiribati,0.2715159284283015,1,1,el,EAO,Atlantic Ocean
'3f59d8a7a4',extremes,Drought,#edc291,edo,ξηρασία αρμενία,2026-01-15T10:57:00+00:00,Armenia,0.2715086451845088,1,1,el,WCA,Asia
'1613eab3ee',extremes,Drought,#edc291,edo,έλλειψη βροχής Αιθιοπία,2026-01-15T10:57:00+00:00,Ethiopia,0.2715058717432232,1,1,el,NEAF,Africa
'f1493fbbc1',extremes,Drought,#edc291,edo,έλλειψη βροχής νησί,2026-01-15T10:57:00+00:00,Bouvet Island,0.2715018350682894,1,1,el,SOO,Antarctica
'49e564d95b',extremes,Drought,#edc291,edo,ξηρασία νησιά Σβάλμπαρντ και Γιαν Μάγιεν,2026-01-15T10:57:00+00:00,Svalbard and Jan Mayen Islands,0.2715001708451968,1,1,el,ARO,Arctica
'5bd3759e67',extremes,Drought,#edc291,edo,ξηρασία wallis και futuna,2026-01-15T10:57:00+00:00,Wallis and Futuna,0.271499511869172,1,1,el,SPO,Pacific Ocean
'9845e6aafe',extremes,Drought,#edc291,edo,ξηρασία βόρεια νησιά Μαριάνα,2026-01-15T10:57:00+00:00,Northern Mariana Islands,0.2714943265773762,1,1,el,NPO,Pacific Ocean
'63aea37e6c',extremes,Earthquake,#870007,usgs,σεισμός mutsu,2026-01-15T10:56:00+00:00,Japan,0.2714895119990224,1,1,el,EAS,Asia
'b5bfafc451',extremes,Drought,#edc291,edo,έλλειψη βροχής Ηνωμένες Πολιτείες μικρά απομακρυσμένα νησιά,2026-01-15T10:57:00+00:00,United States Minor Outlying Islands,0.2714888961554242,1,1,el,WAF,Africa
'69a64e0e6b',extremes,Drought,#edc291,edo,ξηρασία ιράκ,2026-01-15T10:57:00+00:00,Iraq,0.2714858858789231,1,1,el,WCA,Asia
'3c0d8a70ba',extremes,Earthquake,#870007,usgs,σεισμός finschhafen,2026-01-15T12:13:00+00:00,Papua New Guinea,0.2714850127907476,1,1,el,SEA,Asia
'f5090b53e9',extremes,Drought,#edc291,edo,ξηρασία γαλλική πολυνησία,2026-01-15T10:57:00+00:00,French Polynesia,0.2714834200823606,1,1,el,SPO,Pacific Ocean
'99549776e6',extremes,Drought,#edc291,edo,ξηρασία Παπούα Νέα Γουινέα,2026-01-15T10:57:00+00:00,Papua New Guinea,0.2714822224553413,1,1,el,EPO,Pacific Ocean
'5a7935db1c',extremes,Drought,#edc291,edo,ξηρασία εσβατίνι,2026-01-15T10:57:00+00:00,Eswatini,0.2714810352997441,1,1,el,ESAF,Africa
'e058bc3eb7',extremes,Drought,#edc291,edo,ξηρασία Σρι Λάνκα,2026-01-15T10:57:00+00:00,Sri Lanka,0.2714793111652458,1,1,el,BOB,Asia
'bba49c53eb',extremes,Drought,#edc291,edo,έλλειψη βροχής νησί Νόρφολκ,2026-01-15T10:57:00+00:00,Norfolk Island,0.2714780957413227,1,1,el,SPO,Pacific Ocean
'0df507a059',extremes,Drought,#edc291,edo,ξηρασία Αζερμπαϊτζάν,2026-01-15T10:57:00+00:00,Azerbaijan,0.2714767284998128,1,1,el,WCA,Asia
'a0374d7fc3',extremes,Drought,#edc291,edo,έλλειψη βροχής Νίγηρας,2026-01-15T10:57:00+00:00,Niger,0.2714756631795222,1,1,el,SAH,Africa
'f84e373f72',extremes,Drought,#edc291,edo,έλλειψη βροχής νησιά κόκος,2026-01-15T10:57:00+00:00,Cocos Islands,0.2714749304674092,1,1,el,SIO,Indian Ocean
'fd25f2baec',extremes,Drought,#edc291,edo,ξηρασία Σεϋχέλλες,2026-01-15T10:57:00+00:00,Seychelles,0.2714746018553944,1,1,el,EIO,Indian Ocean
'93760c82eb',extremes,Drought,#edc291,edo,ξηρότητα Λεσότο,2026-01-15T10:57:00+00:00,Lesotho,0.2714721856947866,1,1,el,ESAF,Africa
'88c42e7c0f',extremes,Drought,#edc291,edo,έλλειψη βροχής τόνγκα,2026-01-15T10:57:00+00:00,Tonga,0.2714711867256815,1,1,el,SPO,Pacific Ocean
'4c395ac77e',extremes,Drought,#edc291,edo,ξηρότητα μπουρκίνα Φάσο,2026-01-15T10:57:00+00:00,Burkina Faso,0.2714705968155138,1,1,el,WAF,Africa
'1918ad6f9e',extremes,Drought,#edc291,edo,ξηρασία tuvalu,2026-01-15T10:57:00+00:00,Tuvalu,0.2714705530903767,1,1,el,EPO,Pacific Ocean
'bc178afc30',extremes,Drought,#edc291,edo,ξηρασία μαυρίκιος,2026-01-15T10:57:00+00:00,Mauritius,0.2714679332096981,1,1,el,SIO,Indian Ocean
'904c16f856',extremes,Drought,#edc291,edo,Ξηρασία Τόγκο,2026-01-15T10:57:00+00:00,Togo,0.2714625665204829,1,1,el,WAF,Africa
'fada59714f',extremes,Drought,#edc291,edo,έλλειψη βροχής Ζάμπια,2026-01-15T10:57:00+00:00,Zambia,0.2714606854769112,1,1,el,ESAF,Africa
'8daec4f52d',extremes,Earthquake,#870007,usgs,σεισμός νοτιοανατολικά του νησιού του Πάσχα,2026-01-15T10:56:00+00:00,,0.2714604295863527,1,1,el,SPO,Pacific Ocean
'34fd30e809',extremes,Earthquake,#870007,usgs,σεισμός καλαμάς,2026-01-15T10:56:00+00:00,Chile,0.2714596194487256,1,1,el,SWS,South-America
'617402fc79',extremes,Drought,#edc291,edo,ξηρή περίοδος Ερυθραία,2026-01-15T10:57:00+00:00,Eritrea,0.2714566847673164,1,1,el,SAH,Africa
'22cdaf7557',extremes,Drought,#edc291,edo,ξηρασία μαλάουι,2026-01-15T10:57:00+00:00,Malawi,0.2714524486468933,1,1,el,ESAF,Africa
'c7be7a383d',extremes,Earthquake,#870007,usgs,σεισμός σαραγάνι,2026-01-15T10:56:00+00:00,Philippines,0.2714441758004109,1,1,el,SEA,Asia
'02f4a27a12',extremes,Earthquake,#870007,usgs,σεισμός μέντι,2026-01-15T12:13:00+00:00,Papua New Guinea,0.2714388664628026,1,1,el,SEA,Oceania
'cdbf3f27ef',extremes,Drought,#edc291,edo,ξηρασία Αϊτή,2026-01-15T10:57:00+00:00,Haiti,0.2714385611404515,1,1,el,CAR,North-America
'685995fcc4',extremes,Earthquake,#870007,usgs,σεισμός δυτικά του νησιού Macquarie,2026-01-15T10:56:00+00:00,,0.271435568045223,1,1,el,SOO,Antarctica
'2072c25fd3',extremes,Drought,#edc291,edo,ξηροκαιρία Γουιάνα,2026-01-15T10:57:00+00:00,Guyana,0.271432043641051,1,1,el,NSA,South-America
'925cc6c6e9',extremes,Drought,#edc291,edo,ξηρασία Κόστα Ρίκα,2026-01-15T10:57:00+00:00,Costa Rica,0.271431797207413,1,1,el,SCA,South-America
'6797a9705d',extremes,Drought,#edc291,edo,ξηρασία Τζαμάικα,2026-01-15T10:57:00+00:00,Jamaica,0.2714264476372032,1,1,el,CAR,North-America
'474905c6c6',extremes,Drought,#edc291,edo,έλλειψη βροχής Ναμίμπια,2026-01-15T10:57:00+00:00,Namibia,0.2714222156284397,1,1,el,WSAF,Africa
'68eb7178de',extremes,Earthquake,#870007,usgs,σεισμός yasugichō,2026-01-15T10:56:00+00:00,Japan,0.2714172304837331,1,1,el,EAS,Asia
'7ae6318c5b',extremes,Earthquake,#870007,usgs,σεισμός σοκτάν,2026-01-15T12:13:00+00:00,Russia,0.2714152818084726,1,1,el,EAS,Asia
'6cfc55b8b1',extremes,Drought,#edc291,edo,ξηρότητα bonaire άγιος ευστάσιος και σάμπα,2026-01-15T10:57:00+00:00,Bonaire; Saint Eustatius and Saba ,0.271414138736716,1,1,el,CAR,North-America
'c92435bdaa',extremes,Drought,#edc291,edo,έλλειψη βροχής Ελ Σαλβαδόρ,2026-01-15T10:57:00+00:00,El Salvador,0.2714118413393501,1,1,el,SCA,North-America
'04bee72edb',extremes,Drought,#edc291,edo,έλλειψη βροχής Αντίγκουα και Μπαρμπούντα,2026-01-15T10:57:00+00:00,Antigua and Barbuda,0.2714045969038918,1,1,el,CAR,North-America
'7e642c0883',extremes,Drought,#edc291,edo,ξηροψία αγγουίλα,2026-01-15T10:57:00+00:00,Anguilla,0.2714040755330656,1,1,el,CAR,North-America
'd46ac7becc',extremes,Drought,#edc291,edo,έλλειψη βροχής αρούμπα,2026-01-15T10:57:00+00:00,Aruba,0.271400984153954,1,1,el,CAR,North-America
'c08305ef9e',extremes,Drought,#edc291,edo,ξηρότητα μαρτινίκα,2026-01-15T10:57:00+00:00,Martinique,0.2713976768100819,1,1,el,CAR,North-America
'63b3a5e343',extremes,Earthquake,#870007,usgs,σεισμός san marcos,2026-01-15T10:56:00+00:00,Mexico,0.2713880958626502,1,1,el,SCA,North-America
'8d4d1faca9',extremes,Drought,#edc291,edo,έλλειψη βροχής δομίνικα,2026-01-15T10:57:00+00:00,Dominica,0.2713839030534642,1,1,el,CAR,North-America
'07babddb74',extremes,Drought,#edc291,edo,ξηρασία sint maarten,2026-01-15T10:57:00+00:00,Sint Maarten,0.2713836041978054,1,1,el,CAR,North-America
'e9560fc8a0',extremes,Drought,#edc291,edo,ξηρότητα niue,2026-01-15T10:57:00+00:00,Niue,0.2713830759501602,1,1,el,SPO,Oceania
'b17a7abcd9',extremes,Drought,#edc291,edo,ξηρασία γρενάδα,2026-01-15T10:57:00+00:00,Grenada,0.2713722197884964,1,1,el,CAR,North-America
'6b46d821ab',extremes,Drought,#edc291,edo,ξηρασία άγιος Βαρθολομαίος,2026-01-15T10:57:00+00:00,Saint Barthelemy,0.2713674503108527,1,1,el,CAR,North-America
'3ab16eefc6',extremes,Earthquake,#870007,usgs,σεισμός shiojiri,2026-01-15T12:13:00+00:00,Japan,0.2713536973605086,1,1,el,EAS,Asia
'd3bdc49581',extremes,Drought,#edc291,edo,έλλειψη βροχής Γροιλανδία,2026-01-15T10:57:00+00:00,Greenland,0.2713423786237947,1,1,el,GIC,North-America
'8ed666f950',extremes,Earthquake,#870007,usgs,σεισμός végueta,2026-01-15T10:56:00+00:00,Peru,0.2713273284449511,1,1,el,NWS,South-America
'a1afcda67a',extremes,Earthquake,#870007,usgs,σεισμός campo verde,2026-01-15T12:13:00+00:00,Peru,0.2713259404985667,1,1,el,NWS,South-America
'3296e9a239',extremes,Flood,#030ba1,aidr,καταρρακτώδης βροχή Αυστραλία,2026-01-15T10:57:00+00:00,Australia,0.2713166806269839,1,1,el,EAU,Oceania
'707a25fcab',extremes,Earthquake,#870007,usgs,σεισμός sungai penuh,2026-01-15T12:13:00+00:00,Indonesia,0.2712988857553736,1,1,el,SEA,Asia
'871d9bdd41',extremes,Earthquake,#870007,usgs,σεισμός las vigas,2026-01-15T10:56:00+00:00,Mexico,0.2712631172590753,1,1,el,SCA,North-America
'd8567a337b',extremes,Drought,#edc291,edo,ξηρασία Ιαπωνία,2026-01-15T10:57:00+00:00,Japan,0.2710765878736428,1,1,el,EAS,Asia
'76196dc5e1',extremes,Earthquake,#870007,usgs,σεισμός Γουατεμάλα,2026-01-15T12:13:00+00:00,Guatemala,0.2710350063400228,1,1,el,SCA,North-America
'83f2a9deea',extremes,Drought,#edc291,edo,ξηρασία Γαλλία,2026-01-15T10:57:00+00:00,France,0.2710187420321811,1,1,el,WCE,Europe
'7afee2724b',extremes,Drought,#edc291,edo,ξηρασία Δανία,2026-01-15T10:57:00+00:00,Denmark,0.2710072749797185,1,1,el,NEU,Europe
'8bbcf20888',extremes,Drought,#edc291,edo,ξηρασία Ρουμανία,2026-01-15T10:57:00+00:00,Romania,0.2710001465032762,1,1,el,WCE,Europe
'cf46a8a13c',extremes,Drought,#edc291,edo,ξηρασία Φιλιππίνες,2026-01-15T10:57:00+00:00,Philippines,0.2709472491485465,1,1,el,SEA,Asia
'c660d659ce',extremes,Tropical Cyclone,#4f4f4f,eonet,τροπικός κυκλώνας φυτεία,2026-01-31T04:16:00+00:00,,0.2709466533893596,1,1,el,ESAF,Africa
'5b317b7998',extremes,Earthquake,#870007,usgs,σεισμός pondaguitan,2026-01-15T10:56:00+00:00,Philippines,0.2709315457787342,1,1,el,SEA,Asia
'c1c906585f',extremes,Tropical Cyclone,#4f4f4f,eonet,τροπικός κυκλώνας 18π,2026-01-29T04:18:00+00:00,,0.2705833282606931,1,1,el,SPO,Pacific Ocean
'0053afc92f',extremes,Volcano,#b83202,random,λαχάρ,2026-02-05T04:27:00+00:00,,0.2705756358842192,2,1,el,,
'f314bb7747',extremes,Flood,#030ba1,aidr,pluvial flooding australia,2026-02-05T04:28:00+00:00,Australia,0.2686524423700649,1,1,el,CAU,Oceania
'55e8cccd81',extremes,Earthquake,#870007,usgs,σεισμός Σαν Χουάν,2026-01-31T04:16:00+00:00,Peru,0.2682252320204509,1,1,el,SWS,South-America
'81df5b3034',extremes,Storm,#b3b2b1,aidr,καταιγίδα βόρειο Σίδνεϊ χαλαζόπτωση 2017,2026-01-25T04:06:00+00:00,,0.2681184245212775,1,1,el,EAU,Oceania
'1a066ba374',extremes,Heat Wave,#c40202,acwe,θερμό ξόρκι Βικτώρια,2026-01-30T04:22:00+00:00,Australia,0.2681059923070956,1,1,el,SAU,Oceania
'65b4a087de',extremes,Earthquake,#870007,usgs,σεισμός qalansīyah,2026-02-05T04:27:00+00:00,Yemen,0.2679620714354747,1,1,el,ARS,Indian Ocean
'5c82519f0a',extremes,Tropical Cyclone,#4f4f4f,eonet,τροπικός κυκλώνας 17s,2026-01-24T03:48:00+00:00,,0.2679484859511865,1,1,el,NAU,Oceania
'255621cc4c',extremes,Earthquake,#870007,usgs,σεισμός πανγκούνα,2026-01-31T04:16:00+00:00,Papua New Guinea,0.2679457138356712,1,1,el,EPO,Pacific Ocean
'6faf696dd9',extremes,Earthquake,#870007,usgs,σεισμός ακουρεύρι,2026-01-25T04:05:00+00:00,Iceland,0.2678761207801062,1,1,el,GIC,Europe
'924236ebf8',extremes,Earthquake,#870007,usgs,σεισμός yenangyaung,2026-02-05T04:27:00+00:00,Burma (Myanmar),0.2678632364951275,1,1,el,SAS,Asia
'57c3ca9f77',extremes,Earthquake,#870007,usgs,σεισμός Ανταρκτική,2026-02-04T04:21:00+00:00,,0.2678317719447217,1,1,el,EAN,
'5c7fcfcede',extremes,Earthquake,#870007,usgs,σεισμός hihifo,2026-02-05T04:27:00+00:00,Tonga,0.2677984460116948,1,1,el,SPO,Pacific Ocean
'351e201a6d',extremes,Earthquake,#870007,usgs,σεισμός ‘οχονούα,2026-01-19T04:02:00+00:00,Tonga,0.2677894536312979,1,1,el,SPO,Pacific Ocean
'40726d14cc',extremes,Tsunami,#690191,usgs,τσουνάμι adak,2026-01-30T04:21:00+00:00,Alaska,0.2677838570670129,1,1,el,NPO,Pacific Ocean
'22ea11191f',extremes,Earthquake,#870007,usgs,σεισμός batagay,2026-01-31T04:16:00+00:00,Russia,0.2676292832318591,1,1,el,RAR,Europe
'381ceff412',extremes,Earthquake,#870007,usgs,σεισμός κιμπέ,2026-01-29T04:18:00+00:00,Papua New Guinea,0.267504612111723,1,1,el,EPO,Pacific Ocean
'628c910b11',extremes,Flood,#030ba1,aidr,πλημμύρα που πλημμυρίζει τη Νέα Νότια Ουαλία 2022,2026-02-01T04:41:00+00:00,Australia,0.2674814223077838,1,1,el,EAU,Oceania
'de55985e54',extremes,Earthquake,#870007,usgs,σεισμός hadibu,2026-01-21T03:55:00+00:00,Yemen,0.2673954845890531,1,1,el,ARS,Indian Ocean
'3673682ec0',extremes,Earthquake,#870007,usgs,σεισμός ανάληψη νησιωτική περιοχή,2026-01-28T03:56:00+00:00,,0.2673331648628075,1,1,el,SAO,Atlantic Ocean
'9a84ac4373',extremes,Tsunami,#690191,usgs,τσουνάμι αλάσκα,2026-02-05T04:27:00+00:00,Alaska,0.2669721379074926,1,1,el,NPO,Pacific Ocean
'8b4587c763',extremes,Storm,#b3b2b1,random,καταιγίδα σκόνης,2026-01-24T03:48:00+00:00,,0.2669153087886057,2,1,el,,
'ba8fd53a17',extremes,Earthquake,#870007,usgs,σεισμός κορυφογραμμή Carlsberg,2026-01-21T03:55:00+00:00,,0.2668913757116601,1,1,el,EIO,Indian Ocean
'3017638745',extremes,Earthquake,#870007,usgs,σεισμός ust’ Kamchatsk staryy,2026-02-05T04:27:00+00:00,Russia,0.2668679675916137,1,1,el,RFE,Europe
'9044bc0335',extremes,Earthquake,#870007,usgs,σεισμός Τζωρτζτάουν,2026-01-21T03:55:00+00:00,Saint Helena,0.2666790458605106,1,1,el,SAO,Atlantic Ocean
'd59a7e48d7',extremes,Drought,#edc291,random,εξατμισοδιαπνοή,2026-01-20T03:55:00+00:00,,0.2660470416237085,2,1,el,,
'a0068b2b6b',extremes,Flood,#030ba1,aidr,βροχοπτώσεις πλημμύρας και πλημμύρες queensland Φεβρουάριος Μάρτιος 2022,2026-02-05T04:28:00+00:00,Australia,0.2658404195608672,1,1,el,EAU,Oceania
'3e2894fd0c',extremes,Iceberg,#d60d2b,random,θαλάσσιος πάγος της Ανταρκτικής,2026-01-21T03:55:00+00:00,,0.2642649326982095,2,1,el,,
'980a973102',extremes,Tropical Cyclone,#4f4f4f,random,κυκλώνας βόμβας,2026-01-15T10:56:00+00:00,,0.2629028739026637,2,1,el,,
'ebf0baeb9e',extremes,Drought,#edc291,edo,ξηρασία αλβανία,2026-01-15T10:57:00+00:00,Albania,0.2612701280862606,2,1,el,MED,Europe
'59b5340b69',extremes,Precipitation,#d60d2b,random,μέτωπο του καιρού,2026-01-15T10:56:00+00:00,,0.2608261030040471,2,1,el,,
'283b154c38',extremes,Wet Spell,#d60d2b,random,βρεγμένο ξόρκι,2026-01-15T12:13:00+00:00,,0.2602465085306986,2,1,el,,
'17c827a010',extremes,Earthquake,#870007,usgs,σεισμός Ιαπωνία,2026-01-15T10:56:00+00:00,Japan,0.2571676877536949,2,1,el,EAS,Asia
'9aceadd432',extremes,Heat Wave,#c40202,random,ρεκόρ θερμότητας,2026-01-21T03:55:00+00:00,,0.2571544121488884,2,1,el,,
'a652c78afc',extremes,Drought,#edc291,random,μέγα ξηρασία,2026-01-18T03:56:00+00:00,,0.2555224734711597,2,1,el,,
'538eadceb4',extremes,Heat Wave,#c40202,random,ήπιος χειμώνας,2026-01-17T03:44:00+00:00,,0.2518970606584956,2,1,el,,
'40f675561f',extremes,Heat Wave,#c40202,random,το πιο ζεστό καλοκαίρι,2026-01-15T10:56:00+00:00,,0.250777358543951,2,1,el,,
'55c39b351d',extremes,Storm,#b3b2b1,random,σκόνη διάβολος,2026-01-15T10:56:00+00:00,,0.2481154166623958,2,1,el,,
'f4e1bf0fdf',extremes,Flood,#030ba1,random,ξέσπασμα λίμνης παγετώνων,2026-01-18T03:56:00+00:00,,0.2452194039149039,2,1,el,,
'df7e5328ea',extremes,Cold Wave,#a7e9fa,random,κρύο ξόρκι,2026-01-27T03:58:00+00:00,,0.2448662295453489,2,1,el,,
'ea87be5bd8',extremes,Heat Wave,#c40202,random,καυτή θερμοκρασία,2026-01-15T12:13:00+00:00,,0.2440657883748795,2,1,el,,
'4f9a8ebb25',extremes,Snow&Ice,#d60d2b,random,νυχτερινός παγετός,2026-01-15T10:56:00+00:00,,0.2426585944311945,2,1,el,,
'a5ff1cde4a',extremes,Drought,#edc291,random,υγρασία του εδάφους,2026-01-28T03:56:00+00:00,,0.2417981712382669,2,1,el,,
'69791e5a17',extremes,Flood,#030ba1,random,αστραπιαία πλημμύρα,2026-01-17T03:44:00+00:00,,0.2364941972006376,2,1,el,,
'053bb10e09',extremes,Heat Wave,#c40202,random,ινδικό καλοκαίρι,2026-01-23T04:02:00+00:00,,0.2345832641293053,2,1,el,,
'6f60f45443',extremes,Snow&Ice,#d60d2b,cmeter,χειμερινή καταιγίδα της Βόρειας Αμερικής Νέα Υόρκη,2026-01-31T04:17:00+00:00,United States,0.2312054529413387,2,1,el,ENA,North-America
'f6374995d1',extremes,Tropical Cyclone,#4f4f4f,cmeter,τροπικός κυκλώνας Ιταλία,2026-01-28T03:57:00+00:00,Italy,0.2312054529413387,2,1,el,MED,Europe
'45f861329d',extremes,Landslide,#572c03,aidr,κατολίσθηση λόφους της Αδελαΐδας νότια Αυστραλία,2026-01-15T10:57:00+00:00,Australia,0.2312054529413387,2,1,el,SAU,Oceania
'6f7179aa00',extremes,Volcano,#b83202,eonet,ηφαίστειο Φιλιππίνες,2026-01-15T10:56:00+00:00,Philippines,0.231183731548082,2,1,el,SEA,Asia
'7a2481f0b1',extremes,Flood,#030ba1,aidr,ποτάμι που πλημμυρίζει την Αυστραλία,2026-01-15T10:57:00+00:00,Australia,0.2311392746990569,2,1,el,EAU,Oceania
'ebe314dd99',extremes,Flood,#030ba1,aidr,έντονες βροχοπτώσεις και πλημμύρες Queensland Φεβρουάριος 2020,2026-01-15T10:57:00+00:00,Australia,0.2311383647962844,2,1,el,EAU,Oceania
'02f56319a7',extremes,Flood,#030ba1,wmo,πλημμύρα αυστραλία,2026-01-15T10:56:00+00:00,Australia,0.2311375513075649,2,1,el,CAU,Oceania
'3894a694d1',extremes,Flood,#030ba1,aidr,αστραπιαία πλημμύρα Αυστραλία,2026-01-15T10:57:00+00:00,Australia,0.2311321776017884,2,1,el,EAU,Oceania
'6852666385',extremes,Earthquake,#870007,usgs,σεισμός λιμάνι μαθούριν,2026-01-15T12:13:00+00:00,Mauritius,0.2310998973822564,2,1,el,SIO,Indian Ocean
'2c38aada07',extremes,Earthquake,#870007,usgs,σεισμός κολχάνη,2026-01-15T12:13:00+00:00,Chile,0.2310985808786668,2,1,el,SWS,South-America
'66889dc3f2',extremes,Earthquake,#870007,usgs,σεισμός ollagüe,2026-01-15T10:56:00+00:00,Chile,0.2310963665696485,2,1,el,SWS,South-America
'1a17358ebb',extremes,Tsunami,#690191,usgs,τσουνάμι τομπέλο,2026-01-15T10:56:00+00:00,Indonesia,0.2310894848714451,2,1,el,SEA,Asia
'26349abe17',extremes,Tsunami,#690191,usgs,σταθμός attu τσουνάμι,2026-01-15T12:13:00+00:00,Alaska,0.2310886470675887,2,1,el,NPO,Pacific Ocean
'76ad379230',extremes,Earthquake,#870007,usgs,σεισμός petropavlovsk kamchatsky,2026-01-15T10:56:00+00:00,Russia,0.2310858082593447,2,1,el,RFE,Asia
'd18c9a3f35',extremes,Earthquake,#870007,usgs,σεισμός san antonio de los cobres,2026-01-15T10:56:00+00:00,Argentina,0.2310761012588754,2,1,el,SES,South-America
'fa8badb0c3',extremes,Tsunami,#690191,usgs,τσουνάμι μπακουλίν,2026-01-15T10:56:00+00:00,Philippines,0.231075243817361,2,1,el,SEA,Asia
'73d01d320c',extremes,Earthquake,#870007,usgs,σεισμός Αφγανιστάν,2026-01-15T12:13:00+00:00,Afghanistan,0.2310709105693487,2,1,el,WCA,Asia
'f4e7397282',extremes,Tsunami,#690191,usgs,λιμάνι τσουνάμι Άλσγουορθ,2026-01-15T10:56:00+00:00,United States,0.2310708941998392,2,1,el,NWN,North-America
'43165fdae0',extremes,Earthquake,#870007,usgs,σεισμός villa basilio nievas,2026-01-15T12:13:00+00:00,Argentina,0.2310677269317954,2,1,el,SWS,South-America
'e1256a9495',extremes,Tsunami,#690191,usgs,τσουνάμι ράντσο viejo,2026-01-15T10:56:00+00:00,Mexico,0.2310619464783707,2,1,el,SCA,North-America
'c605f8759a',extremes,Earthquake,#870007,usgs,σεισμός γκουάμ,2026-01-15T10:56:00+00:00,Guam,0.2310574878715479,2,1,el,NPO,Pacific Ocean
'9f3b29621a',extremes,Earthquake,#870007,usgs,σεισμός κεντρική μεσοατλαντική κορυφογραμμή,2026-01-15T10:56:00+00:00,,0.2310572841059993,2,1,el,EAO,Atlantic Ocean
'957a7a09df',extremes,Earthquake,#870007,usgs,σεισμός σταθμός attu,2026-01-15T10:56:00+00:00,Alaska,0.2310510740635845,2,1,el,NPO,Pacific Ocean
'8710bd49ea',extremes,Earthquake,#870007,usgs,σεισμός severo kuril'sk,2026-01-15T10:56:00+00:00,Russia,0.2310498410777989,2,1,el,RFE,Asia
'51dfc3f3e1',extremes,Earthquake,#870007,usgs,σεισμός κόκοπο,2026-01-15T10:56:00+00:00,Papua New Guinea,0.2310450639604185,2,1,el,EPO,Pacific Ocean
'fc0fd225f3',extremes,Earthquake,#870007,usgs,σεισμός Βιρμανία Μιανμάρ,2026-01-15T12:13:00+00:00,Burma (Myanmar),0.2310449583093914,2,1,el,SAS,Asia
'066ed457ed',extremes,Earthquake,#870007,usgs,σεισμός βόρεια νησιά Μαριάνα,2026-01-15T12:13:00+00:00,Northern Mariana Islands,0.2310426680769775,2,1,el,NPO,Pacific Ocean
'4ea40cfaf4',extremes,Earthquake,#870007,usgs,σεισμός περιοχή των νησιών του πρίγκηπα Εδουάρδου,2026-01-15T10:56:00+00:00,,0.2310373784589867,2,1,el,SOO,Antarctica
'f5afb20efd',extremes,Earthquake,#870007,usgs,σεισμός περιοχή νότιων νησιών σάντουιτς,2026-01-15T10:56:00+00:00,,0.2310314154556338,2,1,el,SOO,Antarctica
'03f33e230d',extremes,Earthquake,#870007,usgs,σεισμός χιλή,2026-01-15T10:56:00+00:00,Chile,0.2310236749321029,2,1,el,SWS,South-America
'0a2120b175',extremes,Earthquake,#870007,usgs,σεισμός diego de almagro,2026-01-15T10:56:00+00:00,Chile,0.2310227769573228,2,1,el,SWS,South-America
'6628268bda',extremes,Earthquake,#870007,usgs,σεισμός korla,2026-01-15T10:56:00+00:00,China,0.2310185235177888,2,1,el,ECA,Asia
'd920e41c1e',extremes,Earthquake,#870007,usgs,σεισμός μεκ'ελέ,2026-01-15T12:13:00+00:00,Ethiopia,0.2310175934006946,2,1,el,NEAF,Africa
'3e36cbc783',extremes,Earthquake,#870007,usgs,σεισμός la concepción,2026-01-15T12:13:00+00:00,Venezuela,0.2310136211282333,2,1,el,NWS,South-America
'9de3c9007e',extremes,Earthquake,#870007,usgs,σεισμός yakutat,2026-01-15T10:56:00+00:00,Alaska,0.2310082403526959,2,1,el,NWN,North-America
'daed8f4597',extremes,Earthquake,#870007,usgs,σεισμός Σομαλία,2026-01-15T12:13:00+00:00,Somalia,0.2309994403956945,2,1,el,NEAF,Africa
'0b2fd57376',extremes,Earthquake,#870007,usgs,σεισμός Ταϊβάν,2026-01-15T12:13:00+00:00,Taiwan,0.2309860806507232,2,1,el,EAS,Asia
'd46b5571fa',extremes,Tsunami,#690191,usgs,τσουνάμι Ταϊβάν,2026-01-15T12:13:00+00:00,Taiwan,0.2309854072321682,2,1,el,EAS,Asia
'da0b9741fb',extremes,Earthquake,#870007,usgs,σεισμός ράντσο viejo,2026-01-15T12:13:00+00:00,Mexico,0.2309824012531697,2,1,el,SCA,North-America
'8684156e57',extremes,Earthquake,#870007,usgs,σεισμός ισάγγελος,2026-01-15T12:13:00+00:00,Vanuatu,0.230973327985844,2,1,el,SPO,Pacific Ocean
'17b150a7a2',extremes,Earthquake,#870007,usgs,σεισμός Τανζανία,2026-01-15T10:56:00+00:00,Tanzania,0.2309727550332579,2,1,el,SEAF,Africa
'cc449c3731',extremes,Earthquake,#870007,usgs,σεισμός περιοχή νησιών Kermadec,2026-01-15T10:56:00+00:00,,0.230966301779353,2,1,el,SPO,Pacific Ocean
'3f3ddd0b49',extremes,Earthquake,#870007,usgs,σεισμός Ινδία,2026-01-15T10:56:00+00:00,India,0.2309397959844094,2,1,el,SAS,Asia
'909be204f9',extremes,Earthquake,#870007,usgs,σεισμός νοτιοανατολικά των νησιών πίστης,2026-01-15T10:56:00+00:00,,0.2309289511770538,2,1,el,SPO,Pacific Ocean
'22045a461a',extremes,Earthquake,#870007,usgs,σεισμός νησιά Izu περιοχή Ιαπωνία,2026-01-15T10:56:00+00:00,,0.2308847285802061,2,1,el,NPO,Pacific Ocean
'2725619969',extremes,Earthquake,#870007,usgs,σεισμός hanawa,2026-01-15T12:13:00+00:00,Japan,0.2308644761554368,2,1,el,EAS,Asia
'0816dd344b',extremes,Earthquake,#870007,usgs,σεισμός λαέ,2026-01-15T10:56:00+00:00,Papua New Guinea,0.2308336251747957,2,1,el,SEA,Asia
'1a5e4bce35',extremes,Drought,#edc291,edo,έλλειψη βροχής Κουβέιτ,2026-01-15T10:57:00+00:00,Kuwait,0.2308192611156805,2,1,el,ARP,Asia
'06532967b8',extremes,Drought,#edc291,edo,έλλειψη βροχής Βραζιλία,2026-01-15T10:57:00+00:00,Brazil,0.2308004627133839,2,1,el,SAM,South-America
'e5b46f3978',extremes,Drought,#edc291,edo,ξηρασία Αργεντινή,2026-01-15T10:57:00+00:00,Argentina,0.2307017847800763,2,1,el,SES,South-America
'f9eb244a9a',extremes,Drought,#edc291,edo,έλλειψη βροχής Ιταλία,2026-01-15T10:57:00+00:00,Italy,0.230486870552547,2,1,el,MED,Europe
